game_id,season,week,home_team,away_team,home_score,away_score,home_win,home_team_avg_points_for,home_team_avg_points_against,away_team_avg_points_for,away_team_avg_points_against
2022_01_BAL_NYJ,2022,1,NYJ,BAL,9,24,0,0.0,0.0,0.0,0.0
2022_01_BUF_LA,2022,1,LA,BUF,10,31,0,0.0,0.0,0.0,0.0
2022_01_CLE_CAR,2022,1,CAR,CLE,24,26,0,0.0,0.0,0.0,0.0
2022_01_DEN_SEA,2022,1,SEA,DEN,17,16,1,0.0,0.0,0.0,0.0
2022_01_GB_MIN,2022,1,MIN,GB,23,7,1,0.0,0.0,0.0,0.0
2022_01_IND_HOU,2022,1,HOU,IND,20,20,0,0.0,0.0,0.0,0.0
2022_01_JAX_WAS,2022,1,WAS,JAX,28,22,1,0.0,0.0,0.0,0.0
2022_01_KC_ARI,2022,1,ARI,KC,21,44,0,0.0,0.0,0.0,0.0
2022_01_LV_LAC,2022,1,LAC,LV,24,19,1,0.0,0.0,0.0,0.0
2022_01_NE_MIA,2022,1,MIA,NE,20,7,1,0.0,0.0,0.0,0.0
2022_01_NO_ATL,2022,1,ATL,NO,26,27,0,0.0,0.0,0.0,0.0
2022_01_NYG_TEN,2022,1,TEN,NYG,20,21,0,0.0,0.0,0.0,0.0
2022_01_PHI_DET,2022,1,DET,PHI,35,38,0,0.0,0.0,0.0,0.0
2022_01_PIT_CIN,2022,1,CIN,PIT,20,23,0,0.0,0.0,0.0,0.0
2022_01_SF_CHI,2022,1,CHI,SF,19,10,1,0.0,0.0,0.0,0.0
2022_01_TB_DAL,2022,1,DAL,TB,3,19,0,0.0,0.0,0.0,0.0
2022_02_ARI_LV,2022,2,LV,ARI,23,29,0,19.0,24.0,21.0,44.0
2022_02_ATL_LA,2022,2,LA,ATL,31,27,1,10.0,31.0,26.0,27.0
2022_02_CAR_NYG,2022,2,NYG,CAR,19,16,1,21.0,20.0,24.0,26.0
2022_02_CHI_GB,2022,2,GB,CHI,27,10,1,7.0,23.0,19.0,10.0
2022_02_CIN_DAL,2022,2,DAL,CIN,20,17,1,3.0,19.0,20.0,23.0
2022_02_HOU_DEN,2022,2,DEN,HOU,16,9,1,16.0,17.0,20.0,20.0
2022_02_IND_JAX,2022,2,JAX,IND,24,0,1,22.0,28.0,20.0,20.0
2022_02_LAC_KC,2022,2,KC,LAC,27,24,1,44.0,21.0,24.0,19.0
2022_02_MIA_BAL,2022,2,BAL,MIA,38,42,0,24.0,9.0,20.0,7.0
2022_02_MIN_PHI,2022,2,PHI,MIN,24,7,1,38.0,35.0,23.0,7.0
2022_02_NE_PIT,2022,2,PIT,NE,14,17,0,23.0,20.0,7.0,20.0
2022_02_NYJ_CLE,2022,2,CLE,NYJ,30,31,0,26.0,24.0,9.0,24.0
2022_02_SEA_SF,2022,2,SF,SEA,27,7,1,10.0,19.0,17.0,16.0
2022_02_TB_NO,2022,2,NO,TB,10,20,0,27.0,26.0,19.0,3.0
2022_02_TEN_BUF,2022,2,BUF,TEN,41,7,1,31.0,10.0,20.0,21.0
2022_02_WAS_DET,2022,2,DET,WAS,36,27,1,35.0,38.0,28.0,22.0
2022_03_ATL_SEA,2022,3,SEA,ATL,23,27,0,12.0,21.5,26.5,29.0
2022_03_BAL_NE,2022,3,NE,BAL,26,37,0,12.0,17.0,31.0,25.5
2022_03_BUF_MIA,2022,3,MIA,BUF,21,19,1,31.0,22.5,36.0,8.5
2022_03_CIN_NYJ,2022,3,NYJ,CIN,12,27,0,20.0,27.0,18.5,21.5
2022_03_DAL_NYG,2022,3,NYG,DAL,16,23,0,20.0,18.0,11.5,18.0
2022_03_DET_MIN,2022,3,MIN,DET,28,24,1,15.0,15.5,35.5,32.5
2022_03_GB_TB,2022,3,TB,GB,12,14,0,19.5,6.5,17.0,16.5
2022_03_HOU_CHI,2022,3,CHI,HOU,23,20,1,14.5,18.5,14.5,18.0
2022_03_JAX_LAC,2022,3,LAC,JAX,10,38,0,24.0,23.0,23.0,14.0
2022_03_KC_IND,2022,3,IND,KC,20,17,1,10.0,22.0,35.5,22.5
2022_03_LA_ARI,2022,3,ARI,LA,12,20,0,25.0,33.5,20.5,29.0
2022_03_LV_TEN,2022,3,TEN,LV,24,22,1,13.5,31.0,21.0,26.5
2022_03_NO_CAR,2022,3,CAR,NO,22,14,1,20.0,22.5,18.5,23.0
2022_03_PHI_WAS,2022,3,WAS,PHI,8,24,0,27.5,29.0,31.0,21.0
2022_03_PIT_CLE,2022,3,CLE,PIT,29,17,1,28.0,27.5,18.5,18.5
2022_03_SF_DEN,2022,3,DEN,SF,11,10,1,16.0,13.0,18.5,13.0
2022_04_ARI_CAR,2022,4,CAR,ARI,16,26,0,20.666666666666668,19.666666666666668,20.666666666666668,29.0
2022_04_BUF_BAL,2022,4,BAL,BUF,20,23,0,33.0,25.666666666666668,30.333333333333332,12.666666666666666
2022_04_CHI_NYG,2022,4,NYG,CHI,20,12,1,18.666666666666668,19.666666666666668,17.333333333333332,19.0
2022_04_CLE_ATL,2022,4,ATL,CLE,23,20,1,26.666666666666668,27.0,28.333333333333332,24.0
2022_04_DEN_LV,2022,4,LV,DEN,32,23,1,21.333333333333332,25.666666666666668,14.333333333333334,12.0
2022_04_JAX_PHI,2022,4,PHI,JAX,29,21,1,28.666666666666668,16.666666666666668,28.0,12.666666666666666
2022_04_KC_TB,2022,4,TB,KC,31,41,0,17.0,9.0,29.333333333333332,21.666666666666668
2022_04_LAC_HOU,2022,4,HOU,LAC,24,34,0,16.333333333333332,19.666666666666668,19.333333333333332,28.0
2022_04_LA_SF,2022,4,SF,LA,24,9,1,15.666666666666666,12.333333333333334,20.333333333333332,23.333333333333332
2022_04_MIA_CIN,2022,4,CIN,MIA,27,15,1,21.333333333333332,18.333333333333332,27.666666666666668,21.333333333333332
2022_04_MIN_NO,2022,4,NO,MIN,25,28,0,17.0,22.666666666666668,19.333333333333332,18.333333333333332
2022_04_NE_GB,2022,4,GB,NE,27,24,1,16.0,15.0,16.666666666666668,23.666666666666668
2022_04_NYJ_PIT,2022,4,PIT,NYJ,20,24,0,18.0,22.0,17.333333333333332,27.0
2022_04_SEA_DET,2022,4,DET,SEA,45,48,0,31.666666666666668,31.0,15.666666666666666,23.333333333333332
2022_04_TEN_IND,2022,4,IND,TEN,17,24,0,13.333333333333334,20.333333333333332,17.0,28.0
2022_04_WAS_DAL,2022,4,DAL,WAS,25,10,1,15.333333333333334,17.333333333333332,21.0,27.333333333333332
2022_05_ATL_TB,2022,5,TB,ATL,21,15,1,20.5,17.0,25.75,25.25
2022_05_CHI_MIN,2022,5,MIN,CHI,29,22,1,21.5,20.0,16.0,19.25
2022_05_CIN_BAL,2022,5,BAL,CIN,19,17,1,29.75,25.0,22.75,17.5
2022_05_DAL_LA,2022,5,LA,DAL,10,22,0,17.5,23.5,17.75,15.5
2022_05_DET_NE,2022,5,NE,DET,29,0,1,18.5,24.5,35.0,35.25
2022_05_HOU_JAX,2022,5,JAX,HOU,6,13,0,26.25,16.75,18.25,23.25
2022_05_IND_DEN,2022,5,DEN,IND,9,12,0,16.5,17.0,14.25,21.25
2022_05_LAC_CLE,2022,5,CLE,LAC,28,30,0,26.25,23.75,23.0,27.0
2022_05_LV_KC,2022,5,KC,LV,30,29,1,32.25,24.0,24.0,25.0
2022_05_MIA_NYJ,2022,5,NYJ,MIA,40,17,1,19.0,25.25,24.5,22.75
2022_05_NYG_GB,2022,5,GB,NYG,22,27,0,18.75,17.25,19.0,17.75
2022_05_PHI_ARI,2022,5,ARI,PHI,17,20,0,22.0,25.75,28.75,17.75
2022_05_PIT_BUF,2022,5,BUF,PIT,38,3,1,28.5,14.5,18.5,22.5
2022_05_SEA_NO,2022,5,NO,SEA,39,32,1,19.0,24.0,23.75,28.75
2022_05_SF_CAR,2022,5,CAR,SF,15,37,0,19.5,21.25,17.75,11.5
2022_05_TEN_WAS,2022,5,WAS,TEN,17,21,0,18.25,26.75,18.75,25.25
2022_06_ARI_SEA,2022,6,SEA,ARI,19,9,1,25.4,30.8,21.0,24.6
2022_06_BAL_NYG,2022,6,NYG,BAL,24,20,1,20.6,18.6,27.6,23.4
2022_06_BUF_KC,2022,6,KC,BUF,20,24,0,31.8,25.0,30.4,12.2
2022_06_CAR_LA,2022,6,LA,CAR,24,10,1,16.0,23.2,18.6,24.4
2022_06_CIN_NO,2022,6,NO,CIN,26,30,0,23.0,25.6,21.6,17.8
2022_06_DAL_PHI,2022,6,PHI,DAL,26,17,1,27.0,17.6,18.6,14.4
2022_06_DEN_LAC,2022,6,LAC,DEN,19,16,1,24.4,27.2,15.0,16.0
2022_06_JAX_IND,2022,6,IND,JAX,34,27,1,13.8,18.8,22.2,16.0
2022_06_MIN_MIA,2022,6,MIA,MIN,16,24,0,23.0,26.2,23.0,20.4
2022_06_NE_CLE,2022,6,CLE,NE,15,38,0,26.6,25.0,20.6,19.6
2022_06_NYJ_GB,2022,6,GB,NYJ,10,27,0,19.4,19.2,23.2,23.6
2022_06_SF_ATL,2022,6,ATL,SF,28,14,1,23.6,24.4,21.6,12.2
2022_06_TB_PIT,2022,6,PIT,TB,20,18,1,15.4,25.6,20.6,16.6
2022_06_WAS_CHI,2022,6,CHI,WAS,7,12,0,17.2,21.2,18.0,25.6
2022_07_ATL_CIN,2022,7,CIN,ATL,35,17,1,23.0,19.166666666666668,24.333333333333332,22.666666666666668
2022_07_CHI_NE,2022,7,NE,CHI,14,33,0,23.5,18.833333333333332,15.5,19.666666666666668
2022_07_CLE_BAL,2022,7,BAL,CLE,23,20,1,26.333333333333332,23.5,24.666666666666668,27.166666666666668
2022_07_DET_DAL,2022,7,DAL,DET,24,6,1,18.333333333333332,16.333333333333332,28.0,34.0
2022_07_GB_WAS,2022,7,WAS,GB,23,21,1,17.0,22.5,17.833333333333332,20.5
2022_07_HOU_LV,2022,7,LV,HOU,38,20,1,25.0,26.0,17.2,19.8
2022_07_IND_TEN,2022,7,TEN,IND,19,10,1,19.2,23.6,17.166666666666668,20.166666666666668
2022_07_KC_SF,2022,7,SF,KC,23,44,0,20.333333333333332,14.833333333333334,29.833333333333332,24.833333333333332
2022_07_NO_ARI,2022,7,ARI,NO,42,34,1,19.0,23.666666666666668,23.5,26.333333333333332
2022_07_NYG_JAX,2022,7,JAX,NYG,17,23,0,23.0,19.0,21.166666666666668,18.833333333333332
2022_07_NYJ_DEN,2022,7,DEN,NYJ,9,16,0,15.166666666666666,16.5,23.833333333333332,21.333333333333332
2022_07_PIT_MIA,2022,7,MIA,PIT,16,10,1,21.833333333333332,25.833333333333332,16.166666666666668,24.333333333333332
2022_07_SEA_LAC,2022,7,LAC,SEA,23,37,0,23.5,25.333333333333332,24.333333333333332,27.166666666666668
2022_07_TB_CAR,2022,7,CAR,TB,21,3,1,17.166666666666668,24.333333333333332,20.166666666666668,17.166666666666668
2022_08_ARI_MIN,2022,8,MIN,ARI,34,26,1,23.166666666666668,19.666666666666668,22.285714285714285,25.142857142857142
2022_08_BAL_TB,2022,8,TB,BAL,22,27,0,17.714285714285715,17.714285714285715,25.857142857142858,23.0
2022_08_CAR_ATL,2022,8,ATL,CAR,37,34,1,23.285714285714285,24.428571428571427,17.714285714285715,21.285714285714285
2022_08_CHI_DAL,2022,8,DAL,CHI,49,29,1,19.142857142857142,14.857142857142858,18.0,18.857142857142858
2022_08_CIN_CLE,2022,8,CLE,CIN,32,13,1,24.0,26.571428571428573,24.714285714285715,18.857142857142858
2022_08_DEN_JAX,2022,8,JAX,DEN,17,21,0,22.142857142857142,19.571428571428573,14.285714285714286,16.428571428571427
2022_08_GB_BUF,2022,8,BUF,GB,27,17,1,29.333333333333332,13.5,18.285714285714285,20.857142857142858
2022_08_LV_NO,2022,8,NO,LV,24,0,1,25.0,28.571428571428573,27.166666666666668,25.0
2022_08_MIA_DET,2022,8,DET,MIA,27,31,0,24.333333333333332,32.333333333333336,21.0,23.571428571428573
2022_08_NE_NYJ,2022,8,NYJ,NE,17,22,0,22.714285714285715,19.571428571428573,22.142857142857142,20.857142857142858
2022_08_NYG_SEA,2022,8,SEA,NYG,27,13,1,26.142857142857142,26.571428571428573,21.428571428571427,18.571428571428573
2022_08_PIT_PHI,2022,8,PHI,PIT,35,13,1,26.833333333333332,17.5,15.285714285714286,23.142857142857142
2022_08_SF_LA,2022,8,LA,SF,14,31,0,17.333333333333332,21.0,20.714285714285715,19.0
2022_08_TEN_HOU,2022,8,HOU,TEN,10,17,0,17.666666666666668,22.833333333333332,19.166666666666668,21.333333333333332
2022_08_WAS_IND,2022,8,IND,WAS,16,17,0,16.142857142857142,20.0,17.857142857142858,22.285714285714285
2022_09_BAL_NO,2022,9,NO,BAL,13,27,0,24.875,25.0,26.0,22.875
2022_09_BUF_NYJ,2022,9,NYJ,BUF,20,17,1,22.0,19.875,29.0,14.0
2022_09_CAR_CIN,2022,9,CIN,CAR,42,21,1,23.25,20.5,19.75,23.25
2022_09_GB_DET,2022,9,DET,GB,15,9,1,24.714285714285715,32.142857142857146,18.125,21.625
2022_09_IND_NE,2022,9,NE,IND,26,3,1,22.125,20.375,16.125,19.625
2022_09_LAC_ATL,2022,9,ATL,LAC,17,20,0,25.0,25.625,23.428571428571427,27.0
2022_09_LA_TB,2022,9,TB,LA,16,13,1,18.25,18.875,16.857142857142858,22.428571428571427
2022_09_LV_JAX,2022,9,JAX,LV,27,20,1,21.5,19.75,23.285714285714285,24.857142857142858
2022_09_MIA_CHI,2022,9,CHI,MIA,32,35,0,19.375,22.625,22.25,24.0
2022_09_MIN_WAS,2022,9,WAS,MIN,17,20,0,17.75,21.5,24.714285714285715,20.571428571428573
2022_09_PHI_HOU,2022,9,HOU,PHI,17,29,0,16.571428571428573,22.0,28.0,16.857142857142858
2022_09_SEA_ARI,2022,9,ARI,SEA,21,31,0,22.75,26.25,26.25,24.875
2022_09_TEN_KC,2022,9,KC,TEN,20,17,1,31.857142857142858,24.571428571428573,18.857142857142858,19.714285714285715
2022_10_ARI_LA,2022,10,LA,ARI,17,27,0,16.375,21.625,22.555555555555557,26.77777777777778
2022_10_ATL_CAR,2022,10,CAR,ATL,25,15,1,19.88888888888889,25.333333333333332,24.11111111111111,25.0
2022_10_CLE_MIA,2022,10,MIA,CLE,39,17,1,23.666666666666668,24.88888888888889,25.0,24.875
2022_10_DAL_GB,2022,10,GB,DAL,31,28,1,17.11111111111111,20.88888888888889,22.875,16.625
2022_10_DEN_TEN,2022,10,TEN,DEN,17,10,1,18.625,19.75,15.125,16.5
2022_10_DET_CHI,2022,10,CHI,DET,30,31,0,20.77777777777778,24.0,23.5,29.25
2022_10_HOU_NYG,2022,10,NYG,HOU,24,16,1,20.375,19.625,16.625,22.875
2022_10_IND_LV,2022,10,LV,IND,20,25,0,22.875,25.125,14.666666666666666,20.333333333333332
2022_10_JAX_KC,2022,10,KC,JAX,27,17,1,30.375,23.625,22.11111111111111,19.77777777777778
2022_10_LAC_SF,2022,10,SF,LAC,22,16,1,22.0,18.375,23.0,25.75
2022_10_MIN_BUF,2022,10,BUF,MIN,30,33,0,27.5,14.75,24.125,20.125
2022_10_NO_PIT,2022,10,PIT,NO,20,10,1,15.0,24.625,23.555555555555557,25.22222222222222
2022_10_SEA_TB,2022,10,TB,SEA,21,16,1,18.0,18.22222222222222,26.77777777777778,24.444444444444443
2022_10_WAS_PHI,2022,10,PHI,WAS,21,32,0,28.125,16.875,17.666666666666668,21.333333333333332
2022_11_CAR_BAL,2022,11,BAL,CAR,13,3,1,26.11111111111111,21.77777777777778,20.4,24.3
2022_11_CHI_ATL,2022,11,ATL,CHI,27,24,1,23.2,25.0,21.7,24.7
2022_11_CIN_PIT,2022,11,PIT,CIN,30,37,0,15.555555555555555,23.0,25.333333333333332,20.555555555555557
2022_11_CLE_BUF,2022,11,BUF,CLE,31,23,1,27.77777777777778,16.77777777777778,24.11111111111111,26.444444444444443
2022_11_DAL_MIN,2022,11,MIN,DAL,3,40,0,25.11111111111111,21.22222222222222,23.444444444444443,18.22222222222222
2022_11_DET_NYG,2022,11,NYG,DET,18,31,0,20.77777777777778,19.22222222222222,24.333333333333332,29.333333333333332
2022_11_KC_LAC,2022,11,LAC,KC,27,30,0,22.22222222222222,25.333333333333332,30.0,22.88888888888889
2022_11_LA_NO,2022,11,NO,LA,27,20,1,22.2,24.7,16.444444444444443,22.22222222222222
2022_11_LV_DEN,2022,11,DEN,LV,16,22,0,14.555555555555555,16.555555555555557,22.555555555555557,25.11111111111111
2022_11_NYJ_NE,2022,11,NE,NYJ,10,3,1,22.555555555555557,18.444444444444443,21.77777777777778,19.555555555555557
2022_11_PHI_IND,2022,11,IND,PHI,16,17,0,15.7,20.3,27.333333333333332,18.555555555555557
2022_11_SF_ARI,2022,11,ARI,SF,10,38,0,23.0,25.8,22.0,18.11111111111111
2022_11_TEN_GB,2022,11,GB,TEN,17,27,0,18.5,21.6,18.444444444444443,18.666666666666668
2022_11_WAS_HOU,2022,11,HOU,WAS,10,23,0,16.555555555555557,23.0,19.1,21.3
2022_12_ATL_WAS,2022,12,WAS,ATL,19,13,1,19.454545454545453,20.272727272727273,23.545454545454547,24.90909090909091
2022_12_BAL_JAX,2022,12,JAX,BAL,28,27,1,21.6,20.5,24.8,19.9
2022_12_BUF_DET,2022,12,DET,BUF,25,28,0,25.0,28.2,28.1,17.4
2022_12_CHI_NYJ,2022,12,NYJ,CHI,31,10,1,19.9,18.6,21.90909090909091,24.90909090909091
2022_12_CIN_TEN,2022,12,TEN,CIN,16,20,0,19.3,18.5,26.5,21.5
2022_12_DEN_CAR,2022,12,CAR,DEN,23,10,1,18.818181818181817,23.272727272727273,14.7,17.1
2022_12_GB_PHI,2022,12,PHI,GB,40,33,1,26.3,18.3,18.363636363636363,22.09090909090909
2022_12_HOU_MIA,2022,12,MIA,HOU,30,15,1,25.2,24.1,15.9,23.0
2022_12_LAC_ARI,2022,12,ARI,LAC,24,25,0,21.818181818181817,26.90909090909091,22.7,25.8
2022_12_LA_KC,2022,12,KC,LA,26,10,1,30.0,23.3,16.8,22.7
2022_12_LV_SEA,2022,12,SEA,LV,34,40,0,25.7,24.1,22.5,24.2
2022_12_NE_MIN,2022,12,MIN,NE,33,26,1,22.9,23.1,21.3,16.9
2022_12_NO_SF,2022,12,SF,NO,13,0,1,23.6,17.3,22.636363636363637,24.272727272727273
2022_12_NYG_DAL,2022,12,DAL,NYG,28,20,1,25.1,16.7,20.5,20.4
2022_12_PIT_IND,2022,12,IND,PIT,17,24,0,15.727272727272727,20.0,17.0,24.4
2022_12_TB_CLE,2022,12,CLE,TB,23,17,1,24.0,26.9,18.3,18.0
2022_13_BUF_NE,2022,13,NE,BUF,10,24,0,21.727272727272727,18.363636363636363,28.09090909090909,18.09090909090909
2022_13_CLE_HOU,2022,13,HOU,CLE,14,27,0,15.818181818181818,23.636363636363637,23.90909090909091,26.0
2022_13_DEN_BAL,2022,13,BAL,DEN,10,9,1,25.0,20.636363636363637,14.272727272727273,17.636363636363637
2022_13_GB_CHI,2022,13,CHI,GB,19,28,0,20.916666666666668,25.416666666666668,19.583333333333332,23.583333333333332
2022_13_IND_DAL,2022,13,DAL,IND,54,19,1,25.363636363636363,17.0,15.833333333333334,20.333333333333332
2022_13_JAX_DET,2022,13,DET,JAX,40,14,1,25.0,28.181818181818183,22.181818181818183,21.09090909090909
2022_13_KC_CIN,2022,13,CIN,KC,27,24,1,25.90909090909091,21.0,29.636363636363637,22.09090909090909
2022_13_LAC_LV,2022,13,LV,LAC,27,20,1,24.09090909090909,25.09090909090909,22.90909090909091,25.636363636363637
2022_13_MIA_SF,2022,13,SF,MIA,33,17,1,22.636363636363637,15.727272727272727,25.636363636363637,23.272727272727273
2022_13_NO_TB,2022,13,TB,NO,17,16,1,18.181818181818183,18.454545454545453,20.75,23.333333333333332
2022_13_NYJ_MIN,2022,13,MIN,NYJ,27,22,1,23.818181818181817,23.363636363636363,20.90909090909091,17.818181818181817
2022_13_PIT_ATL,2022,13,ATL,PIT,16,19,0,22.666666666666668,24.416666666666668,17.636363636363637,23.727272727272727
2022_13_SEA_LA,2022,13,LA,SEA,23,27,0,16.181818181818183,23.0,26.454545454545453,25.545454545454547
2022_13_TEN_PHI,2022,13,PHI,TEN,35,10,1,27.545454545454547,19.636363636363637,19.0,18.636363636363637
2022_13_WAS_NYG,2022,13,NYG,WAS,20,20,0,20.454545454545453,21.09090909090909,19.416666666666668,19.666666666666668
2022_14_BAL_PIT,2022,14,PIT,BAL,14,16,0,17.75,23.083333333333332,23.75,19.666666666666668
2022_14_CAR_SEA,2022,14,SEA,CAR,24,30,0,26.5,25.333333333333332,19.166666666666668,22.166666666666668
2022_14_CLE_CIN,2022,14,CIN,CLE,23,10,1,26.0,21.25,24.166666666666668,25.0
2022_14_HOU_DAL,2022,14,DAL,HOU,27,23,1,27.75,17.166666666666668,15.666666666666666,23.916666666666668
2022_14_JAX_TEN,2022,14,TEN,JAX,22,36,0,18.25,20.0,21.5,22.666666666666668
2022_14_KC_DEN,2022,14,DEN,KC,28,34,0,13.833333333333334,17.0,29.166666666666668,22.5
2022_14_LV_LA,2022,14,LA,LV,17,16,1,16.75,23.333333333333332,24.333333333333332,24.666666666666668
2022_14_MIA_LAC,2022,14,LAC,MIA,23,17,1,22.666666666666668,25.75,24.916666666666668,24.083333333333332
2022_14_MIN_DET,2022,14,DET,MIN,34,23,1,26.25,27.0,24.083333333333332,23.25
2022_14_NE_ARI,2022,14,ARI,NE,13,27,0,22.0,26.75,20.75,18.833333333333332
2022_14_NYJ_BUF,2022,14,BUF,NYJ,20,12,1,27.75,17.416666666666668,21.0,18.583333333333332
2022_14_PHI_NYG,2022,14,NYG,PHI,22,48,0,20.416666666666668,21.0,28.166666666666668,18.833333333333332
2022_14_TB_SF,2022,14,SF,TB,35,7,1,23.5,15.833333333333334,18.083333333333332,18.25
2022_15_ARI_DEN,2022,15,DEN,ARI,24,15,1,14.923076923076923,18.307692307692307,21.307692307692307,26.76923076923077
2022_15_ATL_NO,2022,15,NO,ATL,21,18,1,20.384615384615383,22.846153846153847,22.153846153846153,24.0
2022_15_BAL_CLE,2022,15,CLE,BAL,13,3,1,23.076923076923077,24.846153846153847,23.153846153846153,19.23076923076923
2022_15_CIN_TB,2022,15,TB,CIN,23,34,0,17.23076923076923,19.53846153846154,25.76923076923077,20.384615384615383
2022_15_DAL_JAX,2022,15,JAX,DAL,40,34,1,22.615384615384617,22.615384615384617,27.692307692307693,17.615384615384617
2022_15_DET_NYJ,2022,15,NYJ,DET,17,20,0,20.307692307692307,18.692307692307693,26.846153846153847,26.692307692307693
2022_15_IND_MIN,2022,15,MIN,IND,39,36,1,24.0,24.076923076923077,16.076923076923077,22.923076923076923
2022_15_KC_HOU,2022,15,HOU,KC,24,30,0,16.23076923076923,24.153846153846153,29.53846153846154,22.923076923076923
2022_15_LA_GB,2022,15,GB,LA,24,12,1,20.23076923076923,23.23076923076923,16.76923076923077,22.76923076923077
2022_15_MIA_BUF,2022,15,BUF,MIA,32,29,1,27.153846153846153,17.0,24.307692307692307,24.0
2022_15_NE_LV,2022,15,LV,NE,30,24,1,23.692307692307693,24.076923076923077,21.23076923076923,18.384615384615383
2022_15_NYG_WAS,2022,15,WAS,NYG,12,20,0,19.46153846153846,19.692307692307693,20.53846153846154,23.076923076923077
2022_15_PHI_CHI,2022,15,CHI,PHI,20,25,0,20.76923076923077,25.615384615384617,29.692307692307693,19.076923076923077
2022_15_PIT_CAR,2022,15,CAR,PIT,16,24,0,20.0,22.307692307692307,17.46153846153846,22.53846153846154
2022_15_SF_SEA,2022,15,SEA,SF,13,21,0,26.307692307692307,25.692307692307693,24.384615384615383,15.153846153846153
2022_15_TEN_LAC,2022,15,LAC,TEN,17,14,1,22.692307692307693,25.076923076923077,18.53846153846154,21.23076923076923
2022_16_ATL_BAL,2022,16,BAL,ATL,17,9,1,21.714285714285715,18.785714285714285,21.857142857142858,23.785714285714285
2022_16_BUF_CHI,2022,16,CHI,BUF,13,35,0,20.714285714285715,25.571428571428573,27.5,17.857142857142858
2022_16_CIN_NE,2022,16,NE,CIN,18,22,0,21.428571428571427,19.214285714285715,26.357142857142858,20.571428571428573
2022_16_DEN_LA,2022,16,LA,DEN,51,14,1,16.428571428571427,22.857142857142858,15.571428571428571,18.071428571428573
2022_16_DET_CAR,2022,16,CAR,DET,37,23,1,19.714285714285715,22.428571428571427,26.357142857142858,26.0
2022_16_GB_MIA,2022,16,MIA,GB,20,26,0,24.642857142857142,24.571428571428573,20.5,22.428571428571427
2022_16_HOU_TEN,2022,16,TEN,HOU,14,19,0,18.214285714285715,20.928571428571427,16.785714285714285,24.571428571428573
2022_16_JAX_NYJ,2022,16,NYJ,JAX,3,19,0,20.071428571428573,18.785714285714285,23.857142857142858,23.428571428571427
2022_16_LAC_IND,2022,16,IND,LAC,3,20,0,17.5,24.071428571428573,22.285714285714285,24.285714285714285
2022_16_LV_PIT,2022,16,PIT,LV,13,10,1,17.928571428571427,22.071428571428573,24.142857142857142,24.071428571428573
2022_16_NO_CLE,2022,16,CLE,NO,10,17,0,22.357142857142858,23.285714285714285,20.428571428571427,22.5
2022_16_NYG_MIN,2022,16,MIN,NYG,27,24,1,25.071428571428573,24.928571428571427,20.5,22.285714285714285
2022_16_PHI_DAL,2022,16,DAL,PHI,40,34,1,28.142857142857142,19.214285714285715,29.357142857142858,19.142857142857142
2022_16_SEA_KC,2022,16,KC,SEA,24,10,1,29.571428571428573,23.0,25.357142857142858,25.357142857142858
2022_16_TB_ARI,2022,16,ARI,TB,16,19,0,20.857142857142858,26.571428571428573,17.642857142857142,20.571428571428573
2022_16_WAS_SF,2022,16,SF,WAS,37,20,1,24.142857142857142,15.0,18.928571428571427,19.714285714285715
2022_17_ARI_ATL,2022,17,ATL,ARI,20,19,1,21.0,23.333333333333332,20.533333333333335,26.066666666666666
2022_17_CAR_TB,2022,17,TB,CAR,30,24,1,17.733333333333334,20.266666666666666,20.866666666666667,22.466666666666665
2022_17_CHI_DET,2022,17,DET,CHI,41,10,1,26.133333333333333,26.733333333333334,20.2,26.2
2022_17_CLE_WAS,2022,17,WAS,CLE,10,24,0,19.0,20.866666666666667,21.533333333333335,22.866666666666667
2022_17_DAL_TEN,2022,17,TEN,DAL,13,27,0,17.933333333333334,20.8,28.933333333333334,20.2
2022_17_DEN_KC,2022,17,KC,DEN,27,24,1,29.2,22.133333333333333,15.466666666666667,20.266666666666666
2022_17_IND_NYG,2022,17,NYG,IND,38,10,1,20.733333333333334,22.6,16.533333333333335,23.8
2022_17_JAX_HOU,2022,17,HOU,JAX,3,31,0,16.933333333333334,23.866666666666667,23.533333333333335,22.066666666666666
2022_17_LA_LAC,2022,17,LAC,LA,31,10,1,22.133333333333333,22.866666666666667,18.733333333333334,22.266666666666666
2022_17_MIA_NE,2022,17,NE,MIA,23,21,1,21.2,19.4,24.333333333333332,24.666666666666668
2022_17_MIN_GB,2022,17,GB,MIN,41,17,1,20.866666666666667,22.266666666666666,25.2,24.866666666666667
2022_17_NO_PHI,2022,17,PHI,NO,10,20,0,29.666666666666668,20.533333333333335,20.2,21.666666666666668
2022_17_NYJ_SEA,2022,17,SEA,NYJ,23,6,1,24.333333333333332,25.266666666666666,18.933333333333334,18.8
2022_17_PIT_BAL,2022,17,BAL,PIT,13,16,0,21.4,18.133333333333333,17.6,21.266666666666666
2022_17_SF_LV,2022,17,LV,SF,34,37,0,23.2,23.333333333333332,25.0,15.333333333333334
2022_18_ARI_SF,2022,18,SF,ARI,38,13,1,25.75,16.5,20.4375,25.6875
2022_18_BAL_CIN,2022,18,CIN,BAL,27,16,1,26.066666666666666,20.4,20.875,18.0
2022_18_CAR_NO,2022,18,NO,CAR,7,10,0,20.1875,20.9375,21.0625,22.9375
2022_18_CLE_PIT,2022,18,PIT,CLE,28,14,1,17.5,20.75,21.6875,22.0625
2022_18_DAL_WAS,2022,18,WAS,DAL,26,6,1,18.4375,21.0625,28.8125,19.75
2022_18_DET_GB,2022,18,GB,DET,16,20,0,22.125,21.9375,27.0625,25.6875
2022_18_HOU_IND,2022,18,IND,HOU,31,32,0,16.125,24.6875,16.0625,24.3125
2022_18_KC_LV,2022,18,LV,KC,13,31,0,23.875,24.1875,29.0625,22.25
2022_18_LAC_DEN,2022,18,DEN,LAC,31,28,1,16.0,20.6875,22.6875,22.0625
2022_18_LA_SEA,2022,18,SEA,LA,19,16,1,24.25,24.0625,18.1875,22.8125
2022_18_MIN_CHI,2022,18,CHI,MIN,13,29,0,19.5625,27.125,24.6875,25.875
2022_18_NE_BUF,2022,18,BUF,NE,35,23,1,28.0,17.533333333333335,21.3125,19.5
2022_18_NYG_PHI,2022,18,PHI,NYG,22,16,1,28.4375,20.5,21.8125,21.8125
2022_18_NYJ_MIA,2022,18,MIA,NYJ,11,6,1,24.125,24.5625,18.125,19.0625
2022_18_TB_ATL,2022,18,ATL,TB,30,17,1,20.9375,23.0625,18.5,20.5
2022_18_TEN_JAX,2022,18,JAX,TEN,20,16,1,24.0,20.875,17.625,21.1875
2022_19_BAL_CIN,2022,19,CIN,BAL,24,17,1,26.125,20.125,20.58823529411765,18.529411764705884
2022_19_DAL_TB,2022,19,TB,DAL,14,31,0,18.41176470588235,21.058823529411764,27.470588235294116,20.11764705882353
2022_19_LAC_JAX,2022,19,JAX,LAC,31,30,1,23.764705882352942,20.58823529411765,23.0,22.58823529411765
2022_19_MIA_BUF,2022,19,BUF,MIA,34,31,1,28.4375,17.875,23.352941176470587,23.470588235294116
2022_19_NYG_MIN,2022,19,MIN,NYG,24,31,0,24.941176470588236,25.11764705882353,21.470588235294116,21.823529411764707
2022_19_SEA_SF,2022,19,SF,SEA,41,23,1,26.470588235294116,16.294117647058822,23.941176470588236,23.58823529411765
2022_20_CIN_BUF,2022,20,BUF,CIN,10,27,0,28.764705882352942,18.647058823529413,26.0,19.941176470588236
2022_20_DAL_SF,2022,20,SF,DAL,19,12,1,27.27777777777778,16.666666666666668,27.666666666666668,19.77777777777778
2022_20_JAX_KC,2022,20,KC,JAX,27,20,1,29.176470588235293,21.705882352941178,24.166666666666668,21.11111111111111
2022_20_NYG_PHI,2022,20,PHI,NYG,38,7,1,28.058823529411764,20.235294117647058,22.0,21.944444444444443
2022_21_CIN_KC,2022,21,KC,CIN,23,20,1,29.055555555555557,21.61111111111111,26.055555555555557,19.38888888888889
2022_21_SF_PHI,2022,21,PHI,SF,31,7,1,28.61111111111111,19.5,26.842105263157894,16.42105263157895
2022_22_KC_PHI,2022,22,PHI,KC,35,38,0,28.736842105263158,18.842105263157894,28.736842105263158,21.526315789473685
2023_01_ARI_WAS,2023,1,WAS,ARI,20,16,1,18.88235294117647,20.176470588235293,20.0,26.41176470588235
2023_01_BUF_NYJ,2023,1,NYJ,BUF,22,16,1,17.41176470588235,18.58823529411765,27.72222222222222,19.11111111111111
2023_01_CAR_ATL,2023,1,ATL,CAR,24,10,1,21.470588235294116,22.705882352941178,20.41176470588235,22.0
2023_01_CIN_CLE,2023,1,CLE,CIN,24,3,1,21.235294117647058,22.41176470588235,25.736842105263158,19.57894736842105
2023_01_DAL_NYG,2023,1,NYG,DAL,0,40,0,21.210526315789473,22.789473684210527,26.842105263157894,19.736842105263158
2023_01_DET_KC,2023,1,KC,DET,20,21,0,29.2,22.2,26.647058823529413,25.11764705882353
2023_01_GB_CHI,2023,1,CHI,GB,20,38,0,19.176470588235293,27.235294117647058,21.764705882352942,21.823529411764707
2023_01_HOU_BAL,2023,1,BAL,HOU,25,9,1,20.38888888888889,18.833333333333332,17.0,24.705882352941178
2023_01_JAX_IND,2023,1,IND,JAX,21,31,0,17.0,25.11764705882353,23.94736842105263,21.42105263157895
2023_01_LA_SEA,2023,1,SEA,LA,13,30,0,23.88888888888889,24.555555555555557,18.058823529411764,22.58823529411765
2023_01_LV_DEN,2023,1,DEN,LV,16,17,0,16.88235294117647,21.11764705882353,23.235294117647058,24.58823529411765
2023_01_MIA_LAC,2023,1,LAC,MIA,34,36,0,23.38888888888889,23.055555555555557,23.77777777777778,24.055555555555557
2023_01_PHI_NE,2023,1,NE,PHI,20,25,0,21.41176470588235,20.41176470588235,29.05,19.8
2023_01_SF_PIT,2023,1,PIT,SF,7,30,0,18.11764705882353,20.352941176470587,25.85,17.15
2023_01_TB_MIN,2023,1,MIN,TB,17,20,0,24.88888888888889,25.444444444444443,18.166666666666668,21.61111111111111
2023_01_TEN_NO,2023,1,NO,TEN,16,15,1,19.41176470588235,20.294117647058822,17.529411764705884,21.11764705882353
2023_02_BAL_CIN,2023,2,CIN,BAL,24,27,0,24.6,19.8,20.63157894736842,18.31578947368421
2023_02_CHI_TB,2023,2,TB,CHI,27,17,1,18.263157894736842,21.36842105263158,19.22222222222222,27.833333333333332
2023_02_CLE_PIT,2023,2,PIT,CLE,26,22,1,17.5,20.88888888888889,21.38888888888889,21.333333333333332
2023_02_GB_ATL,2023,2,ATL,GB,25,24,1,21.61111111111111,22.0,22.666666666666668,21.72222222222222
2023_02_IND_HOU,2023,2,HOU,IND,20,31,0,16.555555555555557,24.72222222222222,17.22222222222222,25.444444444444443
2023_02_KC_JAX,2023,2,JAX,KC,9,17,0,24.3,21.4,28.761904761904763,22.142857142857142
2023_02_LAC_TEN,2023,2,TEN,LAC,27,24,1,17.38888888888889,20.833333333333332,23.94736842105263,23.736842105263158
2023_02_LV_BUF,2023,2,BUF,LV,38,10,1,27.105263157894736,19.263157894736842,22.88888888888889,24.11111111111111
2023_02_MIA_NE,2023,2,NE,MIA,17,24,0,21.333333333333332,20.666666666666668,24.42105263157895,24.57894736842105
2023_02_MIN_PHI,2023,2,PHI,MIN,34,28,1,28.857142857142858,19.80952380952381,24.473684210526315,25.157894736842106
2023_02_NO_CAR,2023,2,CAR,NO,17,20,0,19.833333333333332,22.11111111111111,19.22222222222222,20.0
2023_02_NYG_ARI,2023,2,ARI,NYG,28,31,0,19.77777777777778,26.055555555555557,20.15,23.65
2023_02_NYJ_DAL,2023,2,DAL,NYJ,30,10,1,27.5,18.75,17.666666666666668,18.444444444444443
2023_02_SEA_DET,2023,2,DET,SEA,31,37,0,26.333333333333332,24.833333333333332,23.31578947368421,24.842105263157894
2023_02_SF_LA,2023,2,LA,SF,23,30,0,18.72222222222222,22.055555555555557,26.047619047619047,16.666666666666668
2023_02_WAS_DEN,2023,2,DEN,WAS,33,35,0,16.833333333333332,20.88888888888889,18.944444444444443,19.944444444444443
2023_03_ATL_DET,2023,3,DET,ATL,20,6,1,26.57894736842105,25.473684210526315,21.789473684210527,22.105263157894736
2023_03_BUF_WAS,2023,3,WAS,BUF,3,37,0,19.789473684210527,20.63157894736842,27.65,18.8
2023_03_CAR_SEA,2023,3,SEA,CAR,37,27,1,24.0,25.15,19.68421052631579,22.0
2023_03_CHI_KC,2023,3,KC,CHI,41,10,1,28.227272727272727,21.545454545454547,19.105263157894736,27.789473684210527
2023_03_DAL_ARI,2023,3,ARI,DAL,28,16,1,20.210526315789473,26.31578947368421,27.61904761904762,18.333333333333332
2023_03_DEN_MIA,2023,3,MIA,DEN,70,20,1,24.4,24.2,17.68421052631579,21.63157894736842
2023_03_HOU_JAX,2023,3,JAX,HOU,17,37,0,23.571428571428573,21.19047619047619,16.736842105263158,25.05263157894737
2023_03_IND_BAL,2023,3,BAL,IND,19,22,0,20.95,18.6,17.94736842105263,25.157894736842106
2023_03_LAC_MIN,2023,3,MIN,LAC,24,28,0,24.65,25.6,23.95,23.9
2023_03_LA_CIN,2023,3,CIN,LA,19,16,1,24.571428571428573,20.142857142857142,18.94736842105263,22.473684210526315
2023_03_NE_NYJ,2023,3,NYJ,NE,10,15,0,17.263157894736842,19.05263157894737,21.105263157894736,20.842105263157894
2023_03_NO_GB,2023,3,GB,NO,18,17,1,22.736842105263158,21.894736842105264,19.263157894736842,19.842105263157894
2023_03_NYG_SF,2023,3,SF,NYG,30,12,1,26.227272727272727,16.954545454545453,20.666666666666668,23.857142857142858
2023_03_PHI_TB,2023,3,TB,PHI,11,25,0,18.7,21.15,29.09090909090909,20.181818181818183
2023_03_PIT_LV,2023,3,LV,PIT,18,23,0,22.210526315789473,24.842105263157894,17.94736842105263,20.94736842105263
2023_03_TEN_CLE,2023,3,CLE,TEN,27,3,1,21.42105263157895,21.57894736842105,17.894736842105264,21.0
2023_04_ARI_SF,2023,4,SF,ARI,35,16,1,26.391304347826086,16.73913043478261,20.6,25.8
2023_04_ATL_JAX,2023,4,JAX,ATL,23,7,1,23.272727272727273,21.90909090909091,21.0,22.0
2023_04_BAL_CLE,2023,4,CLE,BAL,3,28,0,21.7,20.65,20.857142857142858,18.761904761904763
2023_04_CIN_TEN,2023,4,TEN,CIN,27,3,1,17.15,21.3,24.318181818181817,19.954545454545453
2023_04_DEN_CHI,2023,4,CHI,DEN,28,31,0,18.65,28.45,17.8,24.05
2023_04_DET_GB,2023,4,GB,DET,20,34,0,22.5,21.65,26.25,24.5
2023_04_KC_NYJ,2023,4,NYJ,KC,20,23,0,16.9,18.85,28.782608695652176,21.043478260869566
2023_04_LA_IND,2023,4,IND,LA,23,29,0,18.15,24.85,18.8,22.3
2023_04_LV_LAC,2023,4,LAC,LV,24,17,1,24.142857142857142,23.904761904761905,22.0,24.75
2023_04_MIA_BUF,2023,4,BUF,MIA,48,20,1,28.095238095238095,18.047619047619047,26.571428571428573,24.0
2023_04_MIN_CAR,2023,4,CAR,MIN,13,21,0,20.05,22.75,24.61904761904762,25.714285714285715
2023_04_NE_DAL,2023,4,DAL,NE,38,3,1,27.09090909090909,18.772727272727273,20.8,20.3
2023_04_PIT_HOU,2023,4,HOU,PIT,30,6,1,17.75,24.65,18.2,20.8
2023_04_SEA_NYG,2023,4,NYG,SEA,3,24,0,20.272727272727273,24.136363636363637,24.61904761904762,25.238095238095237
2023_04_TB_NO,2023,4,NO,TB,9,26,0,19.15,19.75,18.333333333333332,21.333333333333332
2023_04_WAS_PHI,2023,4,PHI,WAS,34,31,1,28.91304347826087,19.782608695652176,18.95,21.45
2023_05_BAL_PIT,2023,5,PIT,BAL,17,10,1,17.61904761904762,21.238095238095237,21.181818181818183,18.045454545454547
2023_05_CAR_DET,2023,5,DET,CAR,42,24,1,26.61904761904762,24.285714285714285,19.714285714285715,22.666666666666668
2023_05_CHI_WAS,2023,5,WAS,CHI,20,40,0,19.523809523809526,22.047619047619047,19.095238095238095,28.571428571428573
2023_05_CIN_ARI,2023,5,ARI,CIN,20,34,0,20.38095238095238,26.238095238095237,23.391304347826086,20.26086956521739
2023_05_DAL_SF,2023,5,SF,DAL,42,10,1,26.75,16.708333333333332,27.565217391304348,18.08695652173913
2023_05_GB_LV,2023,5,LV,GB,17,13,1,21.761904761904763,24.714285714285715,22.38095238095238,22.238095238095237
2023_05_HOU_ATL,2023,5,ATL,HOU,21,19,1,20.333333333333332,22.047619047619047,18.333333333333332,23.761904761904763
2023_05_JAX_BUF,2023,5,BUF,JAX,20,25,0,29.0,18.136363636363637,23.26086956521739,21.26086956521739
2023_05_KC_MIN,2023,5,MIN,KC,20,27,0,24.454545454545453,25.136363636363637,28.541666666666668,21.0
2023_05_NO_NE,2023,5,NE,NO,0,34,0,19.952380952380953,21.142857142857142,18.666666666666668,20.047619047619047
2023_05_NYG_MIA,2023,5,MIA,NYG,31,16,1,26.272727272727273,25.09090909090909,19.52173913043478,24.130434782608695
2023_05_NYJ_DEN,2023,5,DEN,NYJ,21,31,0,18.428571428571427,24.238095238095237,17.047619047619047,19.047619047619047
2023_05_PHI_LA,2023,5,LA,PHI,14,23,0,19.285714285714285,22.333333333333332,29.125,20.25
2023_05_TEN_IND,2023,5,IND,TEN,23,16,1,18.38095238095238,25.047619047619047,17.61904761904762,20.428571428571427
2023_06_ARI_LA,2023,6,LA,ARI,26,9,1,19.045454545454547,22.363636363636363,20.363636363636363,26.59090909090909
2023_06_BAL_TEN,2023,6,TEN,BAL,16,24,0,17.545454545454547,20.545454545454547,20.695652173913043,18.0
2023_06_CAR_MIA,2023,6,MIA,CAR,42,21,1,26.47826086956522,24.695652173913043,19.90909090909091,23.545454545454547
2023_06_DAL_LAC,2023,6,LAC,DAL,17,20,0,24.136363636363637,23.59090909090909,26.833333333333332,19.083333333333332
2023_06_DEN_KC,2023,6,KC,DEN,19,8,1,28.48,20.96,18.545454545454547,24.545454545454547
2023_06_DET_TB,2023,6,TB,DET,6,20,0,18.681818181818183,20.772727272727273,27.318181818181817,24.272727272727273
2023_06_IND_JAX,2023,6,JAX,IND,37,20,1,23.333333333333332,21.208333333333332,18.59090909090909,24.636363636363637
2023_06_MIN_CHI,2023,6,CHI,MIN,13,19,0,20.045454545454547,28.181818181818183,24.26086956521739,25.217391304347824
2023_06_NE_LV,2023,6,LV,NE,21,17,1,21.545454545454547,24.181818181818183,19.045454545454547,21.727272727272727
2023_06_NO_HOU,2023,6,HOU,NO,20,13,1,18.363636363636363,23.636363636363637,19.363636363636363,19.136363636363637
2023_06_NYG_BUF,2023,6,BUF,NYG,14,9,1,28.608695652173914,18.434782608695652,19.375,24.416666666666668
2023_06_PHI_NYJ,2023,6,NYJ,PHI,20,14,1,17.681818181818183,19.136363636363637,28.88,20.0
2023_06_SEA_CIN,2023,6,CIN,SEA,17,13,1,23.833333333333332,20.25,24.59090909090909,24.227272727272727
2023_06_SF_CLE,2023,6,CLE,SF,19,17,1,20.80952380952381,21.0,27.36,16.44
2023_06_WAS_ATL,2023,6,ATL,WAS,16,24,0,20.363636363636363,21.90909090909091,19.545454545454547,22.863636363636363
2023_07_ARI_SEA,2023,7,SEA,ARI,20,10,1,24.08695652173913,23.91304347826087,19.869565217391305,26.565217391304348
2023_07_ATL_TB,2023,7,TB,ATL,13,16,0,18.130434782608695,20.73913043478261,20.17391304347826,22.0
2023_07_BUF_NE,2023,7,NE,BUF,29,25,1,18.956521739130434,21.695652173913043,28.0,18.041666666666668
2023_07_CLE_IND,2023,7,IND,CLE,38,39,0,18.652173913043477,25.17391304347826,20.727272727272727,20.818181818181817
2023_07_DET_BAL,2023,7,BAL,DET,38,6,1,20.833333333333332,17.916666666666668,27.0,23.47826086956522
2023_07_GB_DEN,2023,7,DEN,GB,19,17,1,18.08695652173913,24.304347826086957,21.954545454545453,22.0
2023_07_JAX_NO,2023,7,NO,JAX,24,31,0,19.08695652173913,19.17391304347826,23.88,21.16
2023_07_LAC_KC,2023,7,KC,LAC,31,17,1,28.115384615384617,20.46153846153846,23.82608695652174,23.434782608695652
2023_07_LV_CHI,2023,7,CHI,LV,30,12,1,19.73913043478261,27.782608695652176,21.52173913043478,23.869565217391305
2023_07_MIA_PHI,2023,7,PHI,MIA,31,17,1,28.307692307692307,20.0,27.125,24.541666666666668
2023_07_PIT_LA,2023,7,LA,PIT,17,24,0,19.347826086956523,21.782608695652176,17.59090909090909,20.727272727272727
2023_07_SF_MIN,2023,7,MIN,SF,22,17,1,24.041666666666668,24.708333333333332,26.96153846153846,16.53846153846154
2023_07_WAS_NYG,2023,7,NYG,WAS,14,7,1,18.96,24.0,19.73913043478261,22.565217391304348
2023_08_ATL_TEN,2023,8,TEN,ATL,28,23,1,17.47826086956522,20.695652173913043,20.0,21.625
2023_08_BAL_ARI,2023,8,ARI,BAL,24,31,0,19.458333333333332,26.291666666666668,21.52,17.44
2023_08_CHI_LAC,2023,8,LAC,CHI,30,13,1,23.541666666666668,23.75,20.166666666666668,27.125
2023_08_CIN_SF,2023,8,SF,CIN,17,31,0,26.59259259259259,16.74074074074074,23.56,19.96
2023_08_CLE_SEA,2023,8,SEA,CLE,24,20,1,23.916666666666668,23.333333333333332,21.52173913043478,21.565217391304348
2023_08_HOU_CAR,2023,8,CAR,HOU,15,13,1,19.956521739130434,24.347826086956523,18.434782608695652,23.17391304347826
2023_08_JAX_PIT,2023,8,PIT,JAX,10,20,0,17.869565217391305,20.565217391304348,24.153846153846153,21.26923076923077
2023_08_KC_DEN,2023,8,DEN,KC,24,9,1,18.125,24.0,28.22222222222222,20.333333333333332
2023_08_LA_DAL,2023,8,DAL,LA,43,20,1,26.56,19.0,19.25,21.875
2023_08_LV_DET,2023,8,DET,LV,26,14,1,26.125,24.083333333333332,21.125,24.125
2023_08_MIN_GB,2023,8,GB,MIN,10,24,0,21.73913043478261,21.869565217391305,23.96,24.4
2023_08_NE_MIA,2023,8,MIA,NE,31,17,1,26.72,24.8,19.375,21.833333333333332
2023_08_NO_IND,2023,8,IND,NO,27,38,0,19.458333333333332,25.75,19.291666666666668,19.666666666666668
2023_08_NYJ_NYG,2023,8,NYG,NYJ,10,13,0,18.76923076923077,23.346153846153847,17.782608695652176,18.91304347826087
2023_08_PHI_WAS,2023,8,WAS,PHI,31,38,0,19.208333333333332,22.208333333333332,28.40740740740741,19.88888888888889
2023_08_TB_BUF,2023,8,BUF,TB,24,18,1,27.88,18.48,17.916666666666668,20.541666666666668
2023_09_ARI_CLE,2023,9,CLE,ARI,27,0,1,21.458333333333332,21.666666666666668,19.64,26.48
2023_09_BUF_CIN,2023,9,CIN,BUF,24,18,1,23.846153846153847,19.846153846153847,27.73076923076923,18.46153846153846
2023_09_CHI_NO,2023,9,NO,CHI,24,17,1,20.04,19.96,19.88,27.24
2023_09_DAL_PHI,2023,9,PHI,DAL,28,23,1,28.75,20.285714285714285,27.192307692307693,19.03846153846154
2023_09_IND_CAR,2023,9,CAR,IND,13,27,0,19.75,23.875,19.76,26.24
2023_09_LAC_NYJ,2023,9,NYJ,LAC,6,27,0,17.583333333333332,18.541666666666668,23.8,23.32
2023_09_LA_GB,2023,9,GB,LA,20,3,1,21.25,21.958333333333332,19.28,22.72
2023_09_MIA_KC,2023,9,KC,MIA,21,14,1,27.535714285714285,20.464285714285715,26.884615384615383,24.5
2023_09_MIN_ATL,2023,9,ATL,MIN,28,31,0,20.12,21.88,23.96153846153846,23.846153846153847
2023_09_NYG_LV,2023,9,LV,NYG,30,6,1,20.84,24.2,18.444444444444443,22.962962962962962
2023_09_SEA_BAL,2023,9,BAL,SEA,37,3,1,21.884615384615383,17.692307692307693,23.92,23.2
2023_09_TB_HOU,2023,9,HOU,TB,39,37,1,18.208333333333332,22.833333333333332,17.92,20.68
2023_09_TEN_PIT,2023,9,PIT,TEN,20,16,1,17.541666666666668,20.541666666666668,17.916666666666668,20.791666666666668
2023_09_WAS_NE,2023,9,NE,WAS,17,20,0,19.28,22.2,19.68,22.84
2023_10_ATL_ARI,2023,10,ARI,ATL,25,23,1,18.884615384615383,26.5,20.423076923076923,22.23076923076923
2023_10_CAR_CHI,2023,10,CHI,CAR,16,13,1,19.76923076923077,27.115384615384617,19.48,24.0
2023_10_CLE_BAL,2023,10,BAL,CLE,31,33,0,22.444444444444443,17.14814814814815,21.68,20.8
2023_10_DEN_BUF,2023,10,BUF,DEN,22,24,0,27.37037037037037,18.666666666666668,18.36,23.4
2023_10_DET_LAC,2023,10,LAC,DET,38,41,0,23.923076923076923,22.653846153846153,26.12,23.68
2023_10_GB_PIT,2023,10,PIT,GB,23,19,1,17.64,20.36,21.2,21.2
2023_10_HOU_CIN,2023,10,CIN,HOU,27,30,0,23.85185185185185,19.77777777777778,19.04,23.4
2023_10_IND_NE,2023,10,NE,IND,6,10,0,19.192307692307693,22.115384615384617,20.03846153846154,25.73076923076923
2023_10_NO_MIN,2023,10,MIN,NO,27,19,1,24.22222222222222,24.0,20.192307692307693,19.846153846153847
2023_10_NYG_DAL,2023,10,DAL,NYG,49,17,1,27.037037037037038,19.37037037037037,18.0,23.214285714285715
2023_10_NYJ_LV,2023,10,LV,NYJ,16,12,1,21.192307692307693,23.5,17.12,18.88
2023_10_SF_JAX,2023,10,JAX,SF,3,34,0,24.0,20.85185185185185,26.25,17.25
2023_10_TEN_TB,2023,10,TB,TEN,20,6,1,18.653846153846153,21.384615384615383,17.84,20.76
2023_10_WAS_SEA,2023,10,SEA,WAS,29,26,1,23.115384615384617,23.73076923076923,19.692307692307693,22.615384615384617
2023_11_ARI_HOU,2023,11,HOU,ARI,21,16,1,19.46153846153846,23.53846153846154,19.11111111111111,26.37037037037037
2023_11_CHI_DET,2023,11,DET,CHI,31,26,1,26.692307692307693,24.23076923076923,19.62962962962963,26.59259259259259
2023_11_CIN_BAL,2023,11,BAL,CIN,34,20,1,22.75,17.714285714285715,23.964285714285715,20.142857142857142
2023_11_DAL_CAR,2023,11,CAR,DAL,10,33,0,19.23076923076923,23.692307692307693,27.821428571428573,19.285714285714285
2023_11_LAC_GB,2023,11,GB,LAC,23,20,1,21.115384615384617,21.26923076923077,24.444444444444443,23.333333333333332
2023_11_LV_MIA,2023,11,MIA,LV,20,13,1,26.40740740740741,24.37037037037037,21.0,23.074074074074073
2023_11_MIN_DEN,2023,11,DEN,MIN,21,20,1,18.576923076923077,23.346153846153847,24.321428571428573,23.821428571428573
2023_11_NYG_WAS,2023,11,WAS,NYG,19,31,0,19.925925925925927,22.85185185185185,17.96551724137931,24.103448275862068
2023_11_NYJ_BUF,2023,11,BUF,NYJ,32,6,1,27.178571428571427,18.857142857142858,16.923076923076923,18.76923076923077
2023_11_PHI_KC,2023,11,KC,PHI,17,21,0,27.310344827586206,20.24137931034483,28.724137931034484,20.379310344827587
2023_11_PIT_CLE,2023,11,CLE,PIT,13,10,1,22.115384615384617,21.192307692307693,17.846153846153847,20.307692307692307
2023_11_SEA_LA,2023,11,LA,SEA,17,16,1,18.653846153846153,22.615384615384617,23.333333333333332,23.814814814814813
2023_11_TB_SF,2023,11,SF,TB,27,14,1,26.517241379310345,16.75862068965517,18.703703703703702,20.814814814814813
2023_11_TEN_JAX,2023,11,JAX,TEN,34,14,1,23.25,21.321428571428573,17.384615384615383,20.73076923076923
2023_12_BAL_LAC,2023,12,LAC,BAL,10,20,0,24.285714285714285,23.321428571428573,23.137931034482758,17.79310344827586
2023_12_BUF_PHI,2023,12,PHI,BUF,37,34,1,28.466666666666665,20.266666666666666,27.344827586206897,18.413793103448278
2023_12_CAR_TEN,2023,12,TEN,CAR,17,10,1,17.25925925925926,21.22222222222222,18.88888888888889,24.037037037037038
2023_12_CHI_MIN,2023,12,MIN,CHI,10,12,0,24.17241379310345,23.724137931034484,19.857142857142858,26.75
2023_12_CLE_DEN,2023,12,DEN,CLE,29,12,1,18.666666666666668,23.22222222222222,21.77777777777778,20.77777777777778
2023_12_GB_DET,2023,12,DET,GB,22,29,0,26.85185185185185,24.296296296296298,21.185185185185187,21.22222222222222
2023_12_JAX_HOU,2023,12,HOU,JAX,21,24,0,19.51851851851852,23.25925925925926,23.620689655172413,21.06896551724138
2023_12_KC_LV,2023,12,LV,KC,17,31,0,20.714285714285715,22.964285714285715,26.966666666666665,20.266666666666666
2023_12_LA_ARI,2023,12,ARI,LA,14,37,0,19.0,26.178571428571427,18.59259259259259,22.37037037037037
2023_12_MIA_NYJ,2023,12,NYJ,MIA,13,34,0,16.51851851851852,19.25925925925926,26.178571428571427,23.964285714285715
2023_12_NE_NYG,2023,12,NYG,NE,10,7,1,18.4,23.933333333333334,18.703703703703702,21.666666666666668
2023_12_NO_ATL,2023,12,ATL,NO,24,15,1,20.51851851851852,22.333333333333332,20.14814814814815,20.11111111111111
2023_12_PIT_CIN,2023,12,CIN,PIT,10,16,0,23.82758620689655,20.620689655172413,17.555555555555557,20.037037037037038
2023_12_SF_SEA,2023,12,SEA,SF,13,31,0,23.071428571428573,23.571428571428573,26.533333333333335,16.666666666666668
2023_12_TB_IND,2023,12,IND,TB,27,20,1,19.666666666666668,25.0,18.535714285714285,21.035714285714285
2023_12_WAS_DAL,2023,12,DAL,WAS,45,10,1,28.0,18.96551724137931,19.892857142857142,23.142857142857142
2023_13_ARI_PIT,2023,13,PIT,ARI,10,24,0,17.5,19.678571428571427,18.82758620689655,26.551724137931036
2023_13_ATL_NYJ,2023,13,NYJ,ATL,8,13,0,16.392857142857142,19.785714285714285,20.642857142857142,22.071428571428573
2023_13_CAR_TB,2023,13,TB,CAR,21,18,1,18.586206896551722,21.24137931034483,18.571428571428573,23.785714285714285
2023_13_CIN_JAX,2023,13,JAX,CIN,31,34,0,23.633333333333333,21.066666666666666,23.366666666666667,20.466666666666665
2023_13_CLE_LA,2023,13,LA,CLE,36,19,1,19.25,22.071428571428573,21.428571428571427,21.071428571428573
2023_13_DEN_HOU,2023,13,HOU,DEN,22,17,1,19.571428571428573,23.285714285714285,19.035714285714285,22.821428571428573
2023_13_DET_NO,2023,13,NO,DET,28,33,0,19.964285714285715,20.25,26.678571428571427,24.464285714285715
2023_13_IND_TEN,2023,13,TEN,IND,28,31,0,17.25,20.821428571428573,19.928571428571427,24.821428571428573
2023_13_KC_GB,2023,13,GB,KC,27,19,1,21.464285714285715,21.25,27.096774193548388,20.161290322580644
2023_13_LAC_NE,2023,13,NE,LAC,0,6,0,18.285714285714285,21.25,23.79310344827586,23.20689655172414
2023_13_MIA_WAS,2023,13,WAS,MIA,15,45,0,19.551724137931036,23.896551724137932,26.448275862068964,23.586206896551722
2023_13_SEA_DAL,2023,13,DAL,SEA,41,35,1,28.566666666666666,18.666666666666668,22.724137931034484,23.82758620689655
2023_13_SF_PHI,2023,13,PHI,SF,19,42,0,28.741935483870968,20.70967741935484,26.677419354838708,16.548387096774192
2023_14_BUF_KC,2023,14,KC,BUF,17,20,0,26.84375,20.375,27.566666666666666,19.033333333333335
2023_14_CAR_NO,2023,14,NO,CAR,28,6,1,20.24137931034483,20.689655172413794,18.551724137931036,23.689655172413794
2023_14_DEN_LAC,2023,14,LAC,DEN,7,24,0,23.2,22.433333333333334,18.96551724137931,22.79310344827586
2023_14_DET_CHI,2023,14,CHI,DET,28,13,1,19.586206896551722,26.17241379310345,26.896551724137932,24.586206896551722
2023_14_GB_NYG,2023,14,NYG,GB,24,22,1,18.129032258064516,23.387096774193548,21.655172413793103,21.17241379310345
2023_14_HOU_NYJ,2023,14,NYJ,HOU,30,6,1,16.103448275862068,19.551724137931036,19.655172413793103,23.06896551724138
2023_14_IND_CIN,2023,14,CIN,IND,34,14,1,23.70967741935484,20.806451612903224,20.310344827586206,24.93103448275862
2023_14_JAX_CLE,2023,14,CLE,JAX,31,27,1,21.344827586206897,21.586206896551722,23.870967741935484,21.483870967741936
2023_14_LA_BAL,2023,14,BAL,LA,37,31,1,23.033333333333335,17.533333333333335,19.82758620689655,21.96551724137931
2023_14_MIN_LV,2023,14,LV,MIN,0,3,0,20.586206896551722,23.24137931034483,23.7,23.333333333333332
2023_14_NE_PIT,2023,14,PIT,NE,18,21,0,17.24137931034483,19.82758620689655,17.655172413793103,20.724137931034484
2023_14_PHI_DAL,2023,14,DAL,PHI,33,13,1,28.967741935483872,19.193548387096776,28.4375,21.375
2023_14_SEA_SF,2023,14,SF,SEA,28,16,1,27.15625,16.625,23.133333333333333,24.4
2023_14_TB_ATL,2023,14,ATL,TB,25,29,0,20.379310344827587,21.586206896551722,18.666666666666668,21.133333333333333
2023_14_TEN_MIA,2023,14,MIA,TEN,27,28,0,27.066666666666666,23.3,17.620689655172413,21.17241379310345
2023_15_ATL_CAR,2023,15,CAR,ATL,9,7,1,18.133333333333333,23.833333333333332,20.533333333333335,21.833333333333332
2023_15_BAL_JAX,2023,15,JAX,BAL,7,23,0,23.96875,21.78125,23.483870967741936,17.967741935483872
2023_15_CHI_CLE,2023,15,CLE,CHI,20,17,1,21.666666666666668,21.766666666666666,19.866666666666667,25.733333333333334
2023_15_DAL_BUF,2023,15,BUF,DAL,31,10,1,27.322580645161292,18.967741935483872,29.09375,19.0
2023_15_DEN_DET,2023,15,DET,DEN,42,17,1,26.433333333333334,24.7,19.133333333333333,22.266666666666666
2023_15_HOU_TEN,2023,15,TEN,HOU,16,19,0,17.966666666666665,21.366666666666667,19.2,23.3
2023_15_KC_NE,2023,15,NE,KC,17,27,0,17.766666666666666,20.633333333333333,26.545454545454547,20.363636363636363
2023_15_LAC_LV,2023,15,LV,LAC,63,21,1,19.9,22.566666666666666,22.677419354838708,22.483870967741936
2023_15_MIN_CIN,2023,15,CIN,MIN,27,24,1,24.03125,20.59375,23.032258064516128,22.580645161290324
2023_15_NYG_NO,2023,15,NO,NYG,24,6,1,20.5,20.2,18.3125,23.34375
2023_15_NYJ_MIA,2023,15,MIA,NYJ,30,0,1,27.06451612903226,23.451612903225808,16.566666666666666,19.1
2023_15_PHI_SEA,2023,15,SEA,PHI,20,17,1,22.903225806451612,24.516129032258064,27.96969696969697,21.727272727272727
2023_15_PIT_IND,2023,15,IND,PIT,30,13,1,20.1,25.233333333333334,17.266666666666666,19.866666666666667
2023_15_SF_ARI,2023,15,ARI,SF,29,45,0,19.0,26.0,27.181818181818183,16.606060606060606
2023_15_TB_GB,2023,15,GB,TB,20,34,0,21.666666666666668,21.266666666666666,19.0,21.258064516129032
2023_15_WAS_LA,2023,15,LA,WAS,28,20,1,20.2,22.466666666666665,19.4,24.6
2023_16_ARI_CHI,2023,16,CHI,ARI,27,16,1,19.774193548387096,25.548387096774192,19.322580645161292,26.612903225806452
2023_16_BAL_SF,2023,16,SF,BAL,19,33,0,27.705882352941178,16.970588235294116,23.46875,17.625
2023_16_BUF_LAC,2023,16,LAC,BUF,22,24,0,22.625,23.75,27.4375,18.6875
2023_16_CIN_PIT,2023,16,PIT,CIN,34,11,1,17.129032258064516,20.193548387096776,24.12121212121212,20.696969696969695
2023_16_CLE_HOU,2023,16,HOU,CLE,22,36,0,19.193548387096776,23.06451612903226,21.612903225806452,21.612903225806452
2023_16_DAL_MIA,2023,16,MIA,DAL,22,20,1,27.15625,22.71875,28.515151515151516,19.363636363636363
2023_16_DET_MIN,2023,16,MIN,DET,24,30,0,23.0625,22.71875,26.93548387096774,24.451612903225808
2023_16_GB_CAR,2023,16,CAR,GB,30,33,0,17.838709677419356,23.29032258064516,21.612903225806452,21.677419354838708
2023_16_IND_ATL,2023,16,ATL,IND,29,10,1,20.096774193548388,21.419354838709676,20.419354838709676,24.838709677419356
2023_16_JAX_TB,2023,16,TB,JAX,30,12,1,19.46875,21.21875,23.454545454545453,21.818181818181817
2023_16_LV_KC,2023,16,KC,LV,14,20,0,26.558823529411764,20.264705882352942,21.29032258064516,22.516129032258064
2023_16_NE_DEN,2023,16,DEN,NE,23,26,0,19.06451612903226,22.903225806451612,17.741935483870968,20.838709677419356
2023_16_NO_LA,2023,16,LA,NO,30,22,1,20.451612903225808,22.387096774193548,20.612903225806452,19.741935483870968
2023_16_NYG_PHI,2023,16,PHI,NYG,33,25,1,27.647058823529413,21.676470588235293,17.939393939393938,23.363636363636363
2023_16_SEA_TEN,2023,16,TEN,SEA,17,20,0,17.903225806451612,21.29032258064516,22.8125,24.28125
2023_16_WAS_NYJ,2023,16,NYJ,WAS,30,28,1,16.032258064516128,19.451612903225808,19.419354838709676,24.70967741935484
2023_17_ARI_PHI,2023,17,PHI,ARI,31,35,0,27.8,21.771428571428572,19.21875,26.625
2023_17_ATL_CHI,2023,17,CHI,ATL,37,17,1,20.0,25.25,20.375,21.0625
2023_17_CAR_JAX,2023,17,JAX,CAR,26,0,1,23.11764705882353,22.058823529411764,18.21875,23.59375
2023_17_CIN_KC,2023,17,KC,CIN,25,17,1,26.2,20.257142857142856,23.735294117647058,21.08823529411765
2023_17_DET_DAL,2023,17,DAL,DET,20,19,1,28.264705882352942,19.441176470588236,27.03125,24.4375
2023_17_GB_MIN,2023,17,MIN,GB,10,33,0,23.09090909090909,22.939393939393938,21.96875,21.9375
2023_17_LAC_DEN,2023,17,DEN,LAC,16,9,1,19.1875,23.0,22.606060606060606,23.757575757575758
2023_17_LA_NYG,2023,17,NYG,LA,25,26,0,18.147058823529413,23.647058823529413,20.75,22.375
2023_17_LV_IND,2023,17,IND,LV,23,20,1,20.09375,24.96875,21.25,22.25
2023_17_MIA_BAL,2023,17,BAL,MIA,56,19,1,23.757575757575758,17.666666666666668,27.0,22.636363636363637
2023_17_NE_BUF,2023,17,BUF,NE,27,21,1,27.333333333333332,18.78787878787879,18.0,20.90625
2023_17_NO_TB,2023,17,TB,NO,13,23,0,19.78787878787879,20.939393939393938,20.65625,20.0625
2023_17_NYJ_CLE,2023,17,CLE,NYJ,37,20,1,22.0625,21.625,16.46875,19.71875
2023_17_PIT_SEA,2023,17,SEA,PIT,23,30,0,22.727272727272727,24.060606060606062,17.65625,19.90625
2023_17_SF_WAS,2023,17,WAS,SF,10,27,0,19.6875,24.875,27.457142857142856,17.428571428571427
2023_17_TEN_HOU,2023,17,HOU,TEN,26,3,1,19.28125,23.46875,17.875,21.25
2023_18_ATL_NO,2023,18,NO,ATL,48,17,1,20.727272727272727,19.848484848484848,20.272727272727273,21.545454545454547
2023_18_BUF_MIA,2023,18,MIA,BUF,14,21,0,26.764705882352942,23.61764705882353,27.323529411764707,18.852941176470587
2023_18_CHI_GB,2023,18,GB,CHI,17,9,1,22.303030303030305,21.575757575757574,20.515151515151516,25.0
2023_18_CLE_CIN,2023,18,CIN,CLE,31,14,1,23.542857142857144,21.2,22.515151515151516,21.575757575757574
2023_18_DAL_WAS,2023,18,WAS,DAL,10,38,0,19.393939393939394,24.939393939393938,28.02857142857143,19.428571428571427
2023_18_DEN_LV,2023,18,LV,DEN,27,14,1,21.21212121212121,22.272727272727273,19.09090909090909,22.575757575757574
2023_18_HOU_IND,2023,18,IND,HOU,19,23,0,20.181818181818183,24.818181818181817,19.484848484848484,22.848484848484848
2023_18_JAX_TEN,2023,18,TEN,JAX,28,20,1,17.424242424242426,21.393939393939394,23.2,21.428571428571427
2023_18_KC_LAC,2023,18,LAC,KC,12,13,0,22.205882352941178,23.529411764705884,26.166666666666668,20.166666666666668
2023_18_LA_SF,2023,18,SF,LA,20,21,0,27.444444444444443,17.22222222222222,20.90909090909091,22.454545454545453
2023_18_MIN_DET,2023,18,DET,MIN,30,20,1,26.78787878787879,24.303030303030305,22.705882352941178,23.235294117647058
2023_18_NYJ_NE,2023,18,NE,NYJ,3,17,0,18.09090909090909,21.09090909090909,16.575757575757574,20.242424242424242
2023_18_PHI_NYG,2023,18,NYG,PHI,27,10,1,18.34285714285714,23.714285714285715,27.88888888888889,22.13888888888889
2023_18_PIT_BAL,2023,18,BAL,PIT,10,17,0,24.705882352941178,17.705882352941178,18.03030303030303,20.0
2023_18_SEA_ARI,2023,18,ARI,SEA,20,21,0,19.696969696969695,26.757575757575758,22.735294117647058,24.235294117647058
2023_18_TB_CAR,2023,18,CAR,TB,0,9,0,17.666666666666668,23.666666666666668,19.58823529411765,21.0
2023_19_CLE_HOU,2023,19,HOU,CLE,45,14,1,19.58823529411765,22.735294117647058,22.264705882352942,21.852941176470587
2023_19_GB_DAL,2023,19,DAL,GB,32,48,0,28.305555555555557,19.166666666666668,22.147058823529413,21.205882352941178
2023_19_LA_DET,2023,19,DET,LA,24,23,1,26.88235294117647,24.176470588235293,20.91176470588235,22.38235294117647
2023_19_MIA_KC,2023,19,KC,MIA,26,7,1,25.81081081081081,19.945945945945947,26.4,23.542857142857144
2023_19_PHI_TB,2023,19,TB,PHI,32,9,1,19.285714285714285,20.4,27.405405405405407,22.27027027027027
2023_19_PIT_BUF,2023,19,BUF,PIT,31,17,1,27.142857142857142,18.714285714285715,18.0,19.705882352941178
2023_20_GB_SF,2023,20,SF,GB,24,21,1,27.243243243243242,17.324324324324323,22.885714285714286,21.514285714285716
2023_20_HOU_BAL,2023,20,BAL,HOU,34,10,1,24.285714285714285,17.685714285714287,20.314285714285713,22.485714285714284
2023_20_KC_BUF,2023,20,BUF,KC,24,27,0,27.25,18.666666666666668,25.81578947368421,19.605263157894736
2023_20_TB_DET,2023,20,DET,TB,31,23,1,26.8,24.142857142857142,19.63888888888889,20.083333333333332
2023_21_DET_SF,2023,21,SF,DET,34,31,1,27.157894736842106,17.42105263157895,26.916666666666668,24.11111111111111
2023_21_KC_BAL,2023,21,BAL,KC,10,17,0,24.555555555555557,17.47222222222222,25.846153846153847,19.71794871794872
2023_22_SF_KC,2023,22,KC,SF,25,22,1,25.625,19.475,27.333333333333332,17.76923076923077
2024_01_ARI_BUF,2024,1,BUF,ARI,34,28,1,27.16216216216216,18.89189189189189,19.705882352941178,26.58823529411765
2024_01_BAL_KC,2024,1,KC,BAL,27,20,1,25.609756097560975,19.536585365853657,24.16216216216216,17.45945945945946
2024_01_CAR_NO,2024,1,NO,CAR,47,10,1,21.529411764705884,19.764705882352942,17.147058823529413,23.235294117647058
2024_01_DAL_CLE,2024,1,CLE,DAL,17,33,0,22.02857142857143,22.514285714285716,28.405405405405407,19.945945945945947
2024_01_DEN_SEA,2024,1,SEA,DEN,26,20,1,22.685714285714287,24.114285714285714,18.941176470588236,22.705882352941178
2024_01_GB_PHI,2024,1,PHI,GB,34,29,1,26.92105263157895,22.526315789473685,22.833333333333332,21.583333333333332
2024_01_HOU_IND,2024,1,IND,HOU,27,29,0,20.147058823529413,24.764705882352942,20.02777777777778,22.805555555555557
2024_01_JAX_MIA,2024,1,MIA,JAX,20,17,1,25.86111111111111,23.61111111111111,23.11111111111111,21.61111111111111
2024_01_LA_DET,2024,1,DET,LA,26,20,1,27.027027027027028,24.37837837837838,20.97142857142857,22.428571428571427
2024_01_LV_LAC,2024,1,LAC,LV,22,10,1,21.914285714285715,23.228571428571428,21.38235294117647,22.029411764705884
2024_01_MIN_NYG,2024,1,NYG,MIN,6,28,0,18.583333333333332,23.333333333333332,22.62857142857143,23.428571428571427
2024_01_NE_CIN,2024,1,CIN,NE,10,16,0,23.75,21.0,17.647058823529413,20.970588235294116
2024_01_NYJ_SF,2024,1,SF,NYJ,32,19,1,27.2,17.95,16.58823529411765,19.735294117647058
2024_01_PIT_ATL,2024,1,ATL,PIT,10,18,0,20.176470588235293,22.323529411764707,17.97142857142857,20.02857142857143
2024_01_TEN_CHI,2024,1,CHI,TEN,24,17,1,20.176470588235293,24.764705882352942,17.735294117647058,21.352941176470587
2024_01_WAS_TB,2024,1,TB,WAS,37,20,1,19.72972972972973,20.37837837837838,19.11764705882353,25.323529411764707
2024_02_ATL_PHI,2024,2,PHI,ATL,21,22,0,27.102564102564102,22.692307692307693,19.885714285714286,22.2
2024_02_BUF_MIA,2024,2,MIA,BUF,10,31,0,25.7027027027027,23.43243243243243,27.342105263157894,19.13157894736842
2024_02_CHI_HOU,2024,2,HOU,CHI,19,13,1,20.27027027027027,22.91891891891892,20.285714285714285,24.542857142857144
2024_02_CIN_KC,2024,2,KC,CIN,26,25,1,25.642857142857142,19.547619047619047,23.37837837837838,20.864864864864863
2024_02_CLE_JAX,2024,2,JAX,CLE,13,18,0,22.945945945945947,21.56756756756757,21.88888888888889,22.805555555555557
2024_02_IND_GB,2024,2,GB,IND,16,10,1,23.0,21.91891891891892,20.34285714285714,24.885714285714286
2024_02_LAC_CAR,2024,2,CAR,LAC,3,26,0,16.942857142857143,23.914285714285715,21.916666666666668,22.86111111111111
2024_02_LA_ARI,2024,2,ARI,LA,41,10,1,19.942857142857143,26.8,20.944444444444443,22.52777777777778
2024_02_LV_BAL,2024,2,BAL,LV,23,26,0,24.05263157894737,17.710526315789473,21.057142857142857,22.02857142857143
2024_02_NO_DAL,2024,2,DAL,NO,19,44,0,28.526315789473685,19.86842105263158,22.257142857142856,19.485714285714284
2024_02_NYG_WAS,2024,2,WAS,NYG,21,18,1,19.142857142857142,25.65714285714286,18.243243243243242,23.45945945945946
2024_02_NYJ_TEN,2024,2,TEN,NYJ,17,24,0,17.714285714285715,21.428571428571427,16.65714285714286,20.085714285714285
2024_02_PIT_DEN,2024,2,DEN,PIT,6,13,0,18.97142857142857,22.8,17.97222222222222,19.75
2024_02_SEA_NE,2024,2,NE,SEA,20,23,0,17.6,20.65714285714286,22.77777777777778,24.0
2024_02_SF_MIN,2024,2,MIN,SF,23,17,1,22.77777777777778,22.944444444444443,27.317073170731707,17.975609756097562
2024_02_TB_DET,2024,2,DET,TB,16,20,0,27.0,24.263157894736842,20.18421052631579,20.36842105263158
2024_03_BAL_DAL,2024,3,DAL,BAL,25,28,0,28.28205128205128,20.487179487179485,24.025641025641026,17.923076923076923
2024_03_CAR_LV,2024,3,LV,CAR,22,36,0,21.194444444444443,22.055555555555557,16.555555555555557,23.97222222222222
2024_03_CHI_IND,2024,3,IND,CHI,21,16,1,20.055555555555557,24.63888888888889,20.083333333333332,24.38888888888889
2024_03_DEN_TB,2024,3,TB,DEN,7,26,0,20.17948717948718,20.256410256410255,18.61111111111111,22.52777777777778
2024_03_DET_ARI,2024,3,ARI,DET,13,20,0,20.52777777777778,26.333333333333332,26.71794871794872,24.153846153846153
2024_03_GB_TEN,2024,3,TEN,GB,14,30,0,17.694444444444443,21.5,22.81578947368421,21.605263157894736
2024_03_HOU_MIN,2024,3,MIN,HOU,34,7,1,22.783783783783782,22.783783783783782,20.236842105263158,22.657894736842106
2024_03_JAX_BUF,2024,3,BUF,JAX,47,10,1,27.435897435897434,18.897435897435898,22.68421052631579,21.473684210526315
2024_03_KC_ATL,2024,3,ATL,KC,17,22,0,19.944444444444443,22.166666666666668,25.651162790697676,19.674418604651162
2024_03_LAC_PIT,2024,3,PIT,LAC,20,10,1,17.83783783783784,19.37837837837838,22.027027027027028,22.324324324324323
2024_03_MIA_SEA,2024,3,SEA,MIA,24,3,1,22.783783783783782,23.89189189189189,25.289473684210527,23.63157894736842
2024_03_NE_NYJ,2024,3,NYJ,NE,24,3,1,16.86111111111111,20.0,17.666666666666668,20.72222222222222
2024_03_NYG_CLE,2024,3,CLE,NYG,15,21,0,21.783783783783782,22.54054054054054,18.236842105263158,23.394736842105264
2024_03_PHI_NO,2024,3,NO,PHI,12,15,0,22.86111111111111,19.47222222222222,26.95,22.675
2024_03_SF_LA,2024,3,LA,SF,27,24,1,20.64864864864865,23.027027027027028,27.071428571428573,18.095238095238095
2024_03_WAS_CIN,2024,3,CIN,WAS,33,38,0,23.42105263157895,21.0,19.194444444444443,25.444444444444443
2024_04_BUF_BAL,2024,4,BAL,BUF,35,10,1,24.125,18.1,27.925,18.675
2024_04_CIN_CAR,2024,4,CAR,CIN,24,34,0,17.08108108108108,23.91891891891892,23.666666666666668,21.435897435897434
2024_04_CLE_LV,2024,4,LV,CLE,20,16,1,21.216216216216218,22.43243243243243,21.605263157894736,22.5
2024_04_DAL_NYG,2024,4,NYG,DAL,15,20,0,18.307692307692307,23.17948717948718,28.2,20.675
2024_04_DEN_NYJ,2024,4,NYJ,DEN,9,10,0,17.054054054054053,19.54054054054054,18.81081081081081,22.10810810810811
2024_04_JAX_HOU,2024,4,HOU,JAX,24,20,1,19.897435897435898,22.94871794871795,22.358974358974358,22.128205128205128
2024_04_KC_LAC,2024,4,LAC,KC,10,17,0,21.710526315789473,22.263157894736842,25.568181818181817,19.613636363636363
2024_04_LA_CHI,2024,4,CHI,LA,24,18,1,19.972972972972972,24.2972972972973,20.81578947368421,23.05263157894737
2024_04_MIN_GB,2024,4,GB,MIN,29,31,0,23.0,21.41025641025641,23.07894736842105,22.36842105263158
2024_04_NE_SF,2024,4,SF,NE,30,13,1,27.0,18.302325581395348,17.27027027027027,20.81081081081081
2024_04_NO_ATL,2024,4,ATL,NO,26,24,1,19.864864864864863,22.16216216216216,22.56756756756757,19.35135135135135
2024_04_PHI_TB,2024,4,TB,PHI,33,16,1,19.85,20.4,26.658536585365855,22.414634146341463
2024_04_PIT_IND,2024,4,IND,PIT,27,24,1,20.08108108108108,24.405405405405407,17.894736842105264,19.13157894736842
2024_04_SEA_DET,2024,4,DET,SEA,42,29,1,26.55,23.875,22.81578947368421,23.342105263157894
2024_04_TEN_MIA,2024,4,MIA,TEN,12,31,0,24.71794871794872,23.641025641025642,17.594594594594593,21.72972972972973
2024_04_WAS_ARI,2024,4,ARI,WAS,14,42,0,20.324324324324323,26.16216216216216,19.7027027027027,25.64864864864865
2024_05_ARI_SF,2024,5,SF,ARI,23,24,0,27.068181818181817,18.181818181818183,20.157894736842106,26.57894736842105
2024_05_BAL_CIN,2024,5,CIN,BAL,38,41,0,23.925,21.5,24.390243902439025,17.902439024390244
2024_05_BUF_HOU,2024,5,HOU,BUF,23,20,1,20.0,22.875,27.48780487804878,19.073170731707318
2024_05_CAR_CHI,2024,5,CHI,CAR,36,10,1,20.07894736842105,24.13157894736842,17.263157894736842,24.18421052631579
2024_05_CLE_WAS,2024,5,WAS,CLE,34,13,1,20.289473684210527,25.342105263157894,21.46153846153846,22.435897435897434
2024_05_DAL_PIT,2024,5,PIT,DAL,17,20,0,18.05128205128205,19.333333333333332,28.0,20.536585365853657
2024_05_GB_LA,2024,5,LA,GB,19,24,0,20.743589743589745,23.076923076923077,23.15,21.65
2024_05_IND_JAX,2024,5,JAX,IND,37,34,1,22.3,22.175,20.263157894736842,24.394736842105264
2024_05_LV_DEN,2024,5,DEN,LV,34,18,1,18.57894736842105,21.763157894736842,21.18421052631579,22.263157894736842
2024_05_MIA_NE,2024,5,NE,MIA,10,15,0,17.157894736842106,21.05263157894737,24.4,23.825
2024_05_NO_KC,2024,5,KC,NO,26,13,1,25.377777777777776,19.4,22.605263157894736,19.526315789473685
2024_05_NYG_SEA,2024,5,SEA,NYG,20,29,0,22.974358974358974,23.82051282051282,18.225,23.1
2024_05_NYJ_MIN,2024,5,MIN,NYJ,23,17,1,23.28205128205128,22.53846153846154,16.842105263157894,19.289473684210527
2024_05_TB_ATL,2024,5,ATL,TB,36,30,1,20.026315789473685,22.210526315789473,20.170731707317074,20.29268292682927
2024_06_ARI_GB,2024,6,GB,ARI,34,13,1,23.170731707317074,21.585365853658537,20.256410256410255,26.487179487179485
2024_06_ATL_CAR,2024,6,CAR,ATL,20,38,0,17.076923076923077,24.487179487179485,20.435897435897434,22.41025641025641
2024_06_BUF_NYJ,2024,6,NYJ,BUF,20,23,0,16.846153846153847,19.384615384615383,27.30952380952381,19.166666666666668
2024_06_CIN_NYG,2024,6,NYG,CIN,7,17,0,18.48780487804878,23.024390243902438,24.26829268292683,21.975609756097562
2024_06_CLE_PHI,2024,6,PHI,CLE,20,16,1,26.404761904761905,22.666666666666668,21.25,22.725
2024_06_DET_DAL,2024,6,DAL,DET,9,47,0,27.80952380952381,20.452380952380953,26.926829268292682,24.0
2024_06_HOU_NE,2024,6,NE,HOU,21,41,0,16.974358974358974,20.897435897435898,20.073170731707318,22.804878048780488
2024_06_IND_TEN,2024,6,TEN,IND,17,20,0,17.94736842105263,21.473684210526315,20.615384615384617,24.71794871794872
2024_06_JAX_CHI,2024,6,CHI,JAX,35,16,1,20.487179487179485,23.76923076923077,22.658536585365855,22.463414634146343
2024_06_LAC_DEN,2024,6,DEN,LAC,16,23,0,18.974358974358974,21.666666666666668,21.41025641025641,22.128205128205128
2024_06_PIT_LV,2024,6,LV,PIT,13,32,0,21.102564102564102,22.564102564102566,18.025,19.35
2024_06_SF_SEA,2024,6,SEA,SF,24,36,0,22.9,23.95,26.977777777777778,18.31111111111111
2024_06_TB_NO,2024,6,NO,TB,27,51,0,22.358974358974358,19.692307692307693,20.404761904761905,20.666666666666668
2024_06_WAS_BAL,2024,6,BAL,WAS,30,23,1,24.785714285714285,18.38095238095238,20.641025641025642,25.025641025641026
2024_07_BAL_TB,2024,7,TB,BAL,31,41,0,21.11627906976744,20.813953488372093,24.906976744186046,18.488372093023255
2024_07_CAR_WAS,2024,7,WAS,CAR,40,7,1,20.7,25.15,17.15,24.825
2024_07_CIN_CLE,2024,7,CLE,CIN,14,21,0,21.121951219512194,22.658536585365855,24.095238095238095,21.61904761904762
2024_07_DEN_NO,2024,7,NO,DEN,10,33,0,22.475,20.475,18.9,21.7
2024_07_DET_MIN,2024,7,MIN,DET,29,31,0,23.275,22.4,27.404761904761905,23.642857142857142
2024_07_HOU_GB,2024,7,GB,HOU,24,22,1,23.428571428571427,21.38095238095238,20.571428571428573,22.761904761904763
2024_07_KC_SF,2024,7,SF,KC,18,28,0,27.17391304347826,18.434782608695652,25.391304347826086,19.26086956521739
2024_07_LAC_ARI,2024,7,ARI,LAC,17,15,1,20.075,26.675,21.45,21.975
2024_07_LV_LA,2024,7,LA,LV,20,15,1,20.7,23.1,20.9,22.8
2024_07_MIA_IND,2024,7,IND,MIA,16,10,1,20.6,24.525,24.170731707317074,23.48780487804878
2024_07_NE_JAX,2024,7,JAX,NE,32,16,1,22.5,22.761904761904763,17.075,21.4
2024_07_NYJ_PIT,2024,7,PIT,NYJ,37,15,1,18.365853658536587,19.195121951219512,16.925,19.475
2024_07_PHI_NYG,2024,7,NYG,PHI,3,28,0,18.214285714285715,22.88095238095238,26.25581395348837,22.511627906976745
2024_07_SEA_ATL,2024,7,ATL,SEA,14,34,0,20.875,22.35,22.926829268292682,24.24390243902439
2024_07_TEN_BUF,2024,7,BUF,TEN,34,10,1,27.209302325581394,19.186046511627907,17.923076923076923,21.435897435897434
2024_08_ARI_MIA,2024,8,MIA,ARI,27,28,0,23.833333333333332,23.30952380952381,20.0,26.390243902439025
2024_08_ATL_TB,2024,8,TB,ATL,26,31,0,21.34090909090909,21.272727272727273,20.70731707317073,22.634146341463413
2024_08_BAL_CLE,2024,8,CLE,BAL,29,24,1,20.952380952380953,22.61904761904762,25.272727272727273,18.772727272727273
2024_08_BUF_SEA,2024,8,SEA,BUF,10,31,0,23.19047619047619,24.0,27.363636363636363,18.977272727272727
2024_08_CAR_DEN,2024,8,DEN,CAR,28,14,1,19.24390243902439,21.414634146341463,16.902439024390244,25.195121951219512
2024_08_CHI_WAS,2024,8,WAS,CHI,18,15,1,21.170731707317074,24.70731707317073,20.85,23.575
2024_08_DAL_SF,2024,8,SF,DAL,30,24,1,26.97872340425532,18.638297872340427,27.372093023255815,21.069767441860463
2024_08_GB_JAX,2024,8,JAX,GB,27,30,0,22.72093023255814,22.6046511627907,23.441860465116278,21.3953488372093
2024_08_IND_HOU,2024,8,HOU,IND,23,20,1,20.6046511627907,22.790697674418606,20.48780487804878,24.170731707317074
2024_08_KC_LV,2024,8,LV,KC,20,27,0,20.75609756097561,22.73170731707317,25.4468085106383,19.23404255319149
2024_08_MIN_LA,2024,8,LA,MIN,30,20,1,20.682926829268293,22.902439024390244,23.414634146341463,22.609756097560975
2024_08_NO_LAC,2024,8,LAC,NO,26,8,1,21.29268292682927,21.853658536585368,22.170731707317074,20.78048780487805
2024_08_NYG_PIT,2024,8,PIT,NYG,26,18,1,18.80952380952381,19.095238095238095,17.86046511627907,23.0
2024_08_NYJ_NE,2024,8,NE,NYJ,25,22,1,17.048780487804876,21.658536585365855,16.878048780487806,19.902439024390244
2024_08_PHI_CIN,2024,8,CIN,PHI,17,37,0,24.023255813953487,21.441860465116278,26.295454545454547,22.068181818181817
2024_08_TEN_DET,2024,8,DET,TEN,52,14,1,27.488372093023255,23.767441860465116,17.725,21.75
2024_09_CHI_ARI,2024,9,ARI,CHI,29,9,1,20.19047619047619,26.404761904761905,20.70731707317073,23.4390243902439
2024_09_DAL_ATL,2024,9,ATL,DAL,27,21,1,20.952380952380953,22.714285714285715,27.295454545454547,21.272727272727273
2024_09_DEN_BAL,2024,9,BAL,DEN,41,10,1,25.244444444444444,19.0,19.452380952380953,21.238095238095237
2024_09_DET_GB,2024,9,GB,DET,14,24,0,23.59090909090909,21.522727272727273,28.045454545454547,23.545454545454547
2024_09_HOU_NYJ,2024,9,NYJ,HOU,21,13,1,17.0,20.023809523809526,20.65909090909091,22.727272727272727
2024_09_IND_MIN,2024,9,MIN,IND,21,13,1,23.333333333333332,22.785714285714285,20.476190476190474,24.142857142857142
2024_09_JAX_PHI,2024,9,PHI,JAX,28,23,1,26.533333333333335,21.955555555555556,22.818181818181817,22.772727272727273
2024_09_LAC_CLE,2024,9,CLE,LAC,10,27,0,21.13953488372093,22.651162790697676,21.404761904761905,21.523809523809526
2024_09_LA_SEA,2024,9,SEA,LA,20,26,0,22.88372093023256,24.162790697674417,20.904761904761905,22.833333333333332
2024_09_LV_CIN,2024,9,CIN,LV,41,24,1,23.863636363636363,21.795454545454547,20.738095238095237,22.833333333333332
2024_09_MIA_BUF,2024,9,BUF,MIA,30,27,1,27.444444444444443,18.77777777777778,23.906976744186046,23.41860465116279
2024_09_NE_TEN,2024,9,TEN,NE,20,17,1,17.634146341463413,22.48780487804878,17.238095238095237,21.666666666666668
2024_09_NO_CAR,2024,9,CAR,NO,23,22,1,16.833333333333332,25.261904761904763,21.833333333333332,20.904761904761905
2024_09_TB_KC,2024,9,KC,TB,30,24,1,25.479166666666668,19.25,21.444444444444443,21.488888888888887
2024_09_WAS_NYG,2024,9,NYG,WAS,22,27,0,17.863636363636363,23.068181818181817,21.095238095238095,24.476190476190474
2024_10_ATL_NO,2024,10,NO,ATL,20,17,1,21.837209302325583,20.953488372093023,21.093023255813954,22.674418604651162
2024_10_BUF_IND,2024,10,IND,BUF,20,30,0,20.302325581395348,24.069767441860463,27.5,18.956521739130434
2024_10_CIN_BAL,2024,10,BAL,CIN,35,34,1,25.58695652173913,18.804347826086957,24.244444444444444,21.844444444444445
2024_10_DEN_KC,2024,10,KC,DEN,16,14,1,25.571428571428573,19.346938775510203,19.232558139534884,21.697674418604652
2024_10_DET_HOU,2024,10,HOU,DET,23,26,0,20.488888888888887,22.68888888888889,27.955555555555556,23.333333333333332
2024_10_MIA_LA,2024,10,LA,MIA,15,23,0,21.023255813953487,22.767441860465116,23.977272727272727,23.568181818181817
2024_10_MIN_JAX,2024,10,JAX,MIN,7,12,0,22.822222222222223,22.88888888888889,23.27906976744186,22.558139534883722
2024_10_NE_CHI,2024,10,CHI,NE,3,19,0,20.428571428571427,23.571428571428573,17.232558139534884,21.627906976744185
2024_10_NYG_CAR,2024,10,CAR,NYG,20,17,1,16.976744186046513,25.186046511627907,17.955555555555556,23.155555555555555
2024_10_NYJ_ARI,2024,10,ARI,NYJ,31,6,1,20.3953488372093,26.0,17.093023255813954,19.86046511627907
2024_10_PHI_DAL,2024,10,DAL,PHI,6,34,0,27.155555555555555,21.4,26.565217391304348,21.97826086956522
2024_10_PIT_WAS,2024,10,WAS,PIT,27,28,0,21.232558139534884,24.41860465116279,18.976744186046513,19.069767441860463
2024_10_SF_TB,2024,10,TB,SF,20,23,0,21.5,21.67391304347826,27.041666666666668,18.75
2024_10_TEN_LAC,2024,10,LAC,TEN,27,17,1,21.53488372093023,21.25581395348837,17.69047619047619,22.357142857142858
2024_11_ATL_DEN,2024,11,DEN,ATL,38,6,1,19.113636363636363,21.568181818181817,21.0,22.613636363636363
2024_11_BAL_PIT,2024,11,PIT,BAL,18,16,1,19.181818181818183,19.25,25.78723404255319,19.127659574468087
2024_11_CIN_LAC,2024,11,LAC,CIN,34,27,1,21.65909090909091,21.15909090909091,24.456521739130434,22.130434782608695
2024_11_CLE_NO,2024,11,NO,CLE,35,14,1,21.795454545454547,20.863636363636363,20.886363636363637,22.75
2024_11_GB_CHI,2024,11,CHI,GB,19,20,0,20.023255813953487,23.46511627906977,23.377777777777776,21.57777777777778
2024_11_HOU_DAL,2024,11,DAL,HOU,10,34,0,26.695652173913043,21.67391304347826,20.543478260869566,22.76086956521739
2024_11_IND_NYJ,2024,11,NYJ,IND,27,28,0,16.84090909090909,20.113636363636363,20.295454545454547,24.204545454545453
2024_11_JAX_DET,2024,11,DET,JAX,52,6,1,27.91304347826087,23.32608695652174,22.47826086956522,22.652173913043477
2024_11_KC_BUF,2024,11,BUF,KC,30,21,1,27.5531914893617,18.97872340425532,25.38,19.24
2024_11_LA_NE,2024,11,NE,LA,22,28,0,17.272727272727273,21.204545454545453,20.886363636363637,22.772727272727273
2024_11_LV_MIA,2024,11,MIA,LV,34,19,1,23.955555555555556,23.377777777777776,20.813953488372093,23.25581395348837
2024_11_MIN_TEN,2024,11,TEN,MIN,13,23,0,17.674418604651162,22.46511627906977,23.022727272727273,22.204545454545453
2024_11_SEA_SF,2024,11,SF,SEA,17,20,0,26.959183673469386,18.775510204081634,22.818181818181817,24.204545454545453
2024_11_WAS_PHI,2024,11,PHI,WAS,26,18,1,26.72340425531915,21.638297872340427,21.363636363636363,24.5
2024_12_ARI_SEA,2024,12,SEA,ARI,16,6,1,22.755555555555556,24.044444444444444,20.636363636363637,25.545454545454547
2024_12_BAL_LAC,2024,12,LAC,BAL,23,30,0,21.933333333333334,21.288888888888888,25.583333333333332,19.104166666666668
2024_12_DAL_WAS,2024,12,WAS,DAL,26,34,0,21.288888888888888,24.533333333333335,26.340425531914892,21.93617021276596
2024_12_DEN_LV,2024,12,LV,DEN,19,29,0,20.772727272727273,23.5,19.533333333333335,21.22222222222222
2024_12_DET_IND,2024,12,IND,DET,6,24,0,20.466666666666665,24.266666666666666,28.425531914893618,22.95744680851064
2024_12_KC_CAR,2024,12,CAR,KC,27,30,0,17.045454545454547,25.0,25.294117647058822,19.45098039215686
2024_12_MIN_CHI,2024,12,CHI,MIN,27,30,0,20.0,23.386363636363637,23.022222222222222,22.0
2024_12_NE_MIA,2024,12,MIA,NE,34,15,1,24.17391304347826,23.282608695652176,17.377777777777776,21.355555555555554
2024_12_PHI_LA,2024,12,LA,PHI,20,37,0,21.044444444444444,22.755555555555556,26.708333333333332,21.5625
2024_12_PIT_CLE,2024,12,CLE,PIT,24,19,1,20.733333333333334,23.022222222222222,19.155555555555555,19.177777777777777
2024_12_SF_GB,2024,12,GB,SF,38,10,1,23.304347826086957,21.52173913043478,26.76,18.8
2024_12_TB_NYG,2024,12,NYG,TB,7,30,0,17.934782608695652,23.08695652173913,21.46808510638298,21.70212765957447
2024_12_TEN_HOU,2024,12,HOU,TEN,27,32,0,20.829787234042552,22.48936170212766,17.568181818181817,22.477272727272727
2024_13_ARI_MIN,2024,13,MIN,ARI,23,22,1,23.17391304347826,22.108695652173914,20.31111111111111,25.333333333333332
2024_13_CHI_DET,2024,13,DET,CHI,23,20,1,28.333333333333332,22.604166666666668,20.155555555555555,23.533333333333335
2024_13_CLE_DEN,2024,13,DEN,CLE,41,32,1,19.73913043478261,21.17391304347826,20.804347826086957,22.934782608695652
2024_13_HOU_JAX,2024,13,JAX,HOU,20,23,0,22.127659574468087,23.27659574468085,20.958333333333332,22.6875
2024_13_IND_NE,2024,13,NE,IND,24,25,0,17.32608695652174,21.630434782608695,20.152173913043477,24.26086956521739
2024_13_LAC_ATL,2024,13,ATL,LAC,13,17,0,20.666666666666668,22.955555555555556,21.956521739130434,21.47826086956522
2024_13_LA_NO,2024,13,NO,LA,14,21,0,22.08888888888889,20.711111111111112,21.02173913043478,23.065217391304348
2024_13_LV_KC,2024,13,KC,LV,19,17,1,25.384615384615383,19.596153846153847,20.733333333333334,23.622222222222224
2024_13_MIA_GB,2024,13,GB,MIA,30,17,1,23.617021276595743,21.27659574468085,24.382978723404257,23.106382978723403
2024_13_NYG_DAL,2024,13,DAL,NYG,27,20,1,26.5,22.020833333333332,17.70212765957447,23.23404255319149
2024_13_PHI_BAL,2024,13,BAL,PHI,19,24,0,25.6734693877551,19.183673469387756,26.918367346938776,21.53061224489796
2024_13_PIT_CIN,2024,13,CIN,PIT,38,44,0,24.51063829787234,22.382978723404257,19.152173913043477,19.282608695652176
2024_13_SEA_NYJ,2024,13,NYJ,SEA,21,26,0,17.066666666666666,20.288888888888888,22.608695652173914,23.652173913043477
2024_13_SF_BUF,2024,13,BUF,SF,35,10,1,27.604166666666668,19.020833333333332,26.431372549019606,19.176470588235293
2024_13_TB_CAR,2024,13,CAR,TB,23,26,0,17.266666666666666,25.11111111111111,21.645833333333332,21.395833333333332
2024_13_TEN_WAS,2024,13,WAS,TEN,42,19,1,21.391304347826086,24.73913043478261,17.88888888888889,22.57777777777778
2024_14_ATL_MIN,2024,14,MIN,ATL,42,21,1,23.170212765957448,22.106382978723403,20.5,22.82608695652174
2024_14_BUF_LA,2024,14,LA,BUF,44,42,1,21.02127659574468,22.872340425531913,27.755102040816325,18.836734693877553
2024_14_CAR_PHI,2024,14,PHI,CAR,22,16,1,26.86,21.48,17.391304347826086,25.130434782608695
2024_14_CHI_SF,2024,14,SF,CHI,38,13,1,26.115384615384617,19.48076923076923,20.152173913043477,23.52173913043478
2024_14_CIN_DAL,2024,14,DAL,CIN,20,27,0,26.510204081632654,21.979591836734695,24.791666666666668,22.833333333333332
2024_14_CLE_PIT,2024,14,PIT,CLE,27,14,1,19.680851063829788,19.680851063829788,21.04255319148936,23.319148936170212
2024_14_GB_DET,2024,14,DET,GB,34,31,1,28.224489795918366,22.551020408163264,23.75,21.1875
2024_14_JAX_TEN,2024,14,TEN,JAX,6,10,0,17.91304347826087,23.0,22.083333333333332,23.270833333333332
2024_14_LAC_KC,2024,14,KC,LAC,19,17,1,25.264150943396228,19.547169811320753,21.851063829787233,21.29787234042553
2024_14_LV_TB,2024,14,TB,LV,28,13,1,21.73469387755102,21.428571428571427,20.652173913043477,23.52173913043478
2024_14_NO_NYG,2024,14,NYG,NO,11,14,0,17.75,23.3125,21.91304347826087,20.717391304347824
2024_14_NYJ_MIA,2024,14,MIA,NYJ,32,26,1,24.229166666666668,23.25,17.152173913043477,20.41304347826087
2024_14_SEA_ARI,2024,14,ARI,SEA,18,30,0,20.347826086956523,25.282608695652176,22.680851063829788,23.595744680851062
2024_15_ATL_LV,2024,15,LV,ATL,9,15,0,20.48936170212766,23.617021276595743,20.51063829787234,23.23404255319149
2024_15_BAL_NYG,2024,15,NYG,BAL,14,35,0,17.612244897959183,23.122448979591837,25.54,19.28
2024_15_BUF_DET,2024,15,DET,BUF,42,48,0,28.34,22.72,28.04,19.34
2024_15_CHI_MIN,2024,15,MIN,CHI,30,12,1,23.5625,22.083333333333332,20.0,23.829787234042552
2024_15_CIN_TEN,2024,15,TEN,CIN,27,37,0,17.659574468085108,22.72340425531915,24.836734693877553,22.775510204081634
2024_15_DAL_CAR,2024,15,CAR,DAL,14,30,0,17.361702127659573,25.06382978723404,26.38,22.08
2024_15_GB_SEA,2024,15,SEA,GB,13,30,0,22.833333333333332,23.479166666666668,23.897959183673468,21.448979591836736
2024_15_IND_DEN,2024,15,DEN,IND,31,13,1,20.19148936170213,21.404255319148938,20.25531914893617,24.25531914893617
2024_15_KC_CLE,2024,15,CLE,KC,7,21,0,20.895833333333332,23.395833333333332,25.14814814814815,19.5
2024_15_LA_SF,2024,15,SF,LA,6,12,0,26.339622641509433,19.358490566037737,21.5,23.270833333333332
2024_15_MIA_HOU,2024,15,HOU,MIA,20,12,1,21.0,22.632653061224488,24.387755102040817,23.306122448979593
2024_15_NE_ARI,2024,15,ARI,NE,30,17,1,20.29787234042553,25.382978723404257,17.46808510638298,21.70212765957447
2024_15_NYJ_JAX,2024,15,JAX,NYJ,25,32,0,21.836734693877553,22.918367346938776,17.340425531914892,20.659574468085108
2024_15_PIT_PHI,2024,15,PHI,PIT,27,13,1,26.764705882352942,21.372549019607842,19.833333333333332,19.5625
2024_15_TB_LAC,2024,15,LAC,TB,17,40,0,21.75,21.25,21.86,21.26
2024_15_WAS_NO,2024,15,NO,WAS,19,20,0,21.74468085106383,20.51063829787234,21.829787234042552,24.617021276595743
2024_16_ARI_CAR,2024,16,CAR,ARI,36,30,1,17.291666666666668,25.166666666666668,20.5,25.208333333333332
2024_16_CLE_CIN,2024,16,CIN,CLE,24,6,1,25.08,22.86,20.612244897959183,23.346938775510203
2024_16_DEN_LAC,2024,16,LAC,DEN,34,27,1,21.653061224489797,21.632653061224488,20.416666666666668,21.229166666666668
2024_16_DET_CHI,2024,16,CHI,DET,17,34,0,19.833333333333332,23.958333333333332,28.607843137254903,23.215686274509803
2024_16_HOU_KC,2024,16,KC,HOU,27,19,1,25.072727272727274,19.272727272727273,20.98,22.42
2024_16_JAX_LV,2024,16,LV,JAX,19,14,1,20.25,23.4375,21.9,23.1
2024_16_LA_NYJ,2024,16,NYJ,LA,9,19,0,17.645833333333332,20.75,21.306122448979593,22.918367346938776
2024_16_MIN_SEA,2024,16,SEA,MIN,24,27,0,22.632653061224488,23.612244897959183,23.693877551020407,21.877551020408163
2024_16_NE_BUF,2024,16,BUF,NE,24,21,1,28.431372549019606,19.784313725490197,17.458333333333332,21.875
2024_16_NO_GB,2024,16,GB,NO,34,0,1,24.02,21.28,21.6875,20.5
2024_16_NYG_ATL,2024,16,ATL,NYG,34,7,1,20.395833333333332,22.9375,17.54,23.36
2024_16_PHI_WAS,2024,16,WAS,PHI,36,33,1,21.791666666666668,24.5,26.76923076923077,21.21153846153846
2024_16_PIT_BAL,2024,16,BAL,PIT,34,17,1,25.725490196078432,19.176470588235293,19.693877551020407,19.714285714285715
2024_16_SF_MIA,2024,16,MIA,SF,29,17,1,24.14,23.24,25.962962962962962,19.22222222222222
2024_16_TB_DAL,2024,16,DAL,TB,26,24,1,26.45098039215686,21.92156862745098,22.215686274509803,21.176470588235293
2024_16_TEN_IND,2024,16,IND,TEN,38,30,1,20.104166666666668,24.395833333333332,17.854166666666668,23.020833333333332
2024_17_ARI_LA,2024,17,LA,ARI,13,9,1,21.26,22.64,20.693877551020407,25.428571428571427
2024_17_ATL_WAS,2024,17,WAS,ATL,30,24,1,22.081632653061224,24.6734693877551,20.6734693877551,22.612244897959183
2024_17_BAL_HOU,2024,17,HOU,BAL,2,31,0,20.941176470588236,22.50980392156863,25.884615384615383,19.134615384615383
2024_17_CAR_TB,2024,17,TB,CAR,48,14,1,22.25,21.26923076923077,17.6734693877551,25.26530612244898
2024_17_DAL_PHI,2024,17,PHI,DAL,41,7,1,26.88679245283019,21.49056603773585,26.442307692307693,21.96153846153846
2024_17_DEN_CIN,2024,17,CIN,DEN,30,24,1,25.058823529411764,22.529411764705884,20.551020408163264,21.489795918367346
2024_17_DET_SF,2024,17,SF,DET,34,40,0,25.8,19.4,28.71153846153846,23.096153846153847
2024_17_GB_MIN,2024,17,MIN,GB,27,25,1,23.76,21.92,24.215686274509803,20.862745098039216
2024_17_IND_NYG,2024,17,NYG,IND,45,33,1,17.333333333333332,23.568627450980394,20.46938775510204,24.510204081632654
2024_17_KC_PIT,2024,17,PIT,KC,10,29,0,19.64,20.0,25.107142857142858,19.267857142857142
2024_17_LAC_NE,2024,17,NE,LAC,7,40,0,17.53061224489796,21.918367346938776,21.9,21.74
2024_17_LV_NO,2024,17,NO,LV,10,25,0,21.244897959183675,20.775510204081634,20.224489795918366,23.244897959183675
2024_17_MIA_CLE,2024,17,CLE,MIA,3,20,0,20.32,23.36,24.235294117647058,23.11764705882353
2024_17_NYJ_BUF,2024,17,BUF,NYJ,40,14,1,28.346153846153847,19.807692307692307,17.46938775510204,20.714285714285715
2024_17_SEA_CHI,2024,17,CHI,SEA,3,6,0,19.775510204081634,24.163265306122447,22.66,23.68
2024_17_TEN_JAX,2024,17,JAX,TEN,20,13,1,21.745098039215687,23.019607843137255,18.102040816326532,23.3265306122449
2024_18_BUF_NE,2024,18,NE,BUF,23,16,1,17.32,22.28,28.566037735849058,19.69811320754717
2024_18_CAR_ATL,2024,18,ATL,CAR,38,44,0,20.74,22.76,17.6,25.72
2024_18_CHI_GB,2024,18,GB,CHI,22,24,0,24.23076923076923,20.98076923076923,19.44,23.8
2024_18_CIN_PIT,2024,18,PIT,CIN,17,19,0,19.45098039215686,20.176470588235293,25.153846153846153,22.557692307692307
2024_18_CLE_BAL,2024,18,BAL,CLE,35,10,1,25.9811320754717,18.81132075471698,19.980392156862745,23.294117647058822
2024_18_HOU_TEN,2024,18,TEN,HOU,14,23,0,18.0,23.26,20.576923076923077,22.673076923076923
2024_18_JAX_IND,2024,18,IND,JAX,26,23,1,20.72,24.92,21.71153846153846,22.826923076923077
2024_18_KC_DEN,2024,18,DEN,KC,38,0,1,20.62,21.66,25.17543859649123,19.105263157894736
2024_18_LAC_LV,2024,18,LV,LAC,20,34,0,20.32,22.98,22.254901960784313,21.45098039215686
2024_18_MIA_NYJ,2024,18,NYJ,MIA,32,20,1,17.4,21.1,24.153846153846153,22.73076923076923
2024_18_MIN_DET,2024,18,DET,MIN,31,9,1,28.92452830188679,23.30188679245283,23.823529411764707,21.980392156862745
2024_18_NO_TB,2024,18,TB,NO,27,19,1,22.735849056603772,21.132075471698112,21.02,20.86
2024_18_NYG_PHI,2024,18,PHI,NYG,20,13,1,27.14814814814815,21.22222222222222,17.865384615384617,23.75
2024_18_SEA_LA,2024,18,LA,SEA,25,30,0,21.098039215686274,22.372549019607842,22.333333333333332,23.274509803921568
2024_18_SF_ARI,2024,18,ARI,SF,47,24,1,20.46,25.18,25.946428571428573,19.767857142857142
2024_18_WAS_DAL,2024,18,DAL,WAS,19,23,0,26.07547169811321,22.32075471698113,22.24,24.66
2024_19_DEN_BUF,2024,19,BUF,DEN,31,7,1,28.333333333333332,19.75925925925926,20.96078431372549,21.235294117647058
2024_19_GB_PHI,2024,19,PHI,GB,22,10,1,27.01818181818182,21.072727272727274,24.18867924528302,21.037735849056602
2024_19_LAC_HOU,2024,19,HOU,LAC,32,12,1,20.62264150943396,22.50943396226415,22.48076923076923,21.423076923076923
2024_19_MIN_LA,2024,19,LA,MIN,27,9,1,21.173076923076923,22.51923076923077,23.53846153846154,22.153846153846153
2024_19_PIT_BAL,2024,19,BAL,PIT,28,14,1,26.14814814814815,18.64814814814815,19.403846153846153,20.153846153846153
2024_19_WAS_TB,2024,19,TB,WAS,20,23,0,22.814814814814813,21.09259259259259,22.254901960784313,24.54901960784314
2024_20_BAL_BUF,2024,20,BUF,BAL,27,25,1,28.381818181818183,19.527272727272727,26.181818181818183,18.563636363636363
2024_20_HOU_KC,2024,20,KC,HOU,23,14,1,24.74137931034483,19.43103448275862,20.833333333333332,22.314814814814813
2024_20_LA_PHI,2024,20,PHI,LA,28,22,1,26.928571428571427,20.875,21.28301886792453,22.264150943396228
2024_20_WAS_DET,2024,20,DET,WAS,31,45,0,28.962962962962962,23.037037037037038,22.26923076923077,24.46153846153846
2024_21_BUF_KC,2024,21,KC,BUF,32,29,1,24.71186440677966,19.338983050847457,28.357142857142858,19.625
2024_21_WAS_PHI,2024,21,PHI,WAS,55,23,1,26.94736842105263,20.894736842105264,22.69811320754717,24.58490566037736
2024_22_KC_PHI,2024,22,PHI,KC,40,22,1,27.43103448275862,20.93103448275862,24.833333333333332,19.5
